606,2130706433,0,catalog_products,"2014-10-17 16:47:36",view,"a:1:{s:7:""general"";s:5:""22926"";}",success,andrew.stayart,2,adminhtml_catalog_product_edit,,127.0.0.1
607,2130706433,0,catalog_products,"2014-10-17 16:47:46",view,"a:1:{s:7:""general"";s:5:""22925"";}",success,andrew.stayart,2,adminhtml_catalog_product_edit,,127.0.0.1
608,2130706433,0,catalog_products,"2014-10-17 17:47:32",view,"a:1:{s:7:""general"";s:5:""22926"";}",success,andrew.stayart,2,adminhtml_catalog_product_edit,,127.0.0.1
609,2130706433,0,catalog_products,"2014-10-17 17:49:46",view,"a:1:{s:7:""general"";s:5:""22926"";}",success,andrew.stayart,2,adminhtml_catalog_product_edit,,127.0.0.1
610,2130706433,0,catalog_products,"2014-10-17 17:50:30",save,"a:1:{s:7:""general"";s:5:""22926"";}",success,andrew.stayart,2,adminhtml_catalog_product_save,,127.0.0.1
611,2130706433,0,cache_management,"2014-10-17 17:50:43",save,"a:1:{s:7:""general"";s:105:""Cache types: config, layout, block_html, translate, collections, eav, config_api, config_api2, full_page "";}",success,andrew.stayart,2,adminhtml_cache_massRefresh,,127.0.0.1
612,2130706433,0,index_management,"2014-10-17 18:20:21",reindex_process,"a:1:{s:7:""general"";i:1;}",success,andrew.stayart,2,adminhtml_process_reindexProcess,,127.0.0.1
613,2130706433,0,cache_management,"2014-10-17 18:20:56",save,"a:1:{s:7:""general"";s:105:""Cache types: config, layout, block_html, translate, collections, eav, config_api, config_api2, full_page "";}",success,andrew.stayart,2,adminhtml_cache_massRefresh,,127.0.0.1
614,2130706433,0,cache_management,"2014-10-17 18:20:59",flush,"a:1:{s:7:""general"";N;}",success,andrew.stayart,2,adminhtml_cache_flushAll,,127.0.0.1
615,2130706433,0,cache_management,"2014-10-17 18:21:04",flush,"a:1:{s:7:""general"";N;}",success,andrew.stayart,2,adminhtml_cache_flushSystem,,127.0.0.1
616,2130706433,0,index_management,"2014-10-17 18:21:17",massUpdate,"a:1:{s:7:""general"";s:4:""1, 9"";}",success,andrew.stayart,2,adminhtml_process_massReindex,,127.0.0.1
617,2130706433,0,catalog_products,"2014-10-17 18:23:44",view,"a:1:{s:7:""general"";s:5:""22926"";}",success,andrew.stayart,2,adminhtml_catalog_product_edit,,127.0.0.1
618,2130706433,0,cache_management,"2014-10-17 18:24:51",flush,"a:1:{s:7:""general"";N;}",success,andrew.stayart,2,adminhtml_cache_flushAll,,127.0.0.1
619,2130706433,0,cache_management,"2014-10-17 18:24:59",flush,"a:1:{s:7:""general"";N;}",success,andrew.stayart,2,adminhtml_cache_flushSystem,,127.0.0.1
620,2130706433,0,adminhtml_system_config,"2014-10-17 19:35:50",view,"a:1:{s:7:""general"";s:16:""index_management"";}",success,andrew.stayart,2,adminhtml_system_config_edit,,127.0.0.1
621,2130706433,0,adminhtml_system_config,"2014-10-17 19:36:08",save,"a:1:{s:7:""general"";s:16:""index_management"";}",success,andrew.stayart,2,adminhtml_system_config_save,,127.0.0.1
622,2130706433,0,index_management,"2014-10-17 19:36:34",massUpdate,"a:1:{s:7:""general"";s:4:""1, 9"";}",success,andrew.stayart,2,adminhtml_process_massChangeMode,,127.0.0.1
623,2130706433,0,catalog_products,"2014-10-17 19:46:18",massUpdate,"a:1:{s:7:""general"";s:18:""Attributes Updated"";}",success,andrew.stayart,2,adminhtml_catalog_product_action_attribute_save,,127.0.0.1
624,2130706433,0,catalog_products,"2014-10-17 19:47:59",save,"a:1:{s:7:""general"";s:5:""22926"";}",success,andrew.stayart,2,adminhtml_catalog_product_save,,127.0.0.1
625,2130706433,0,index_management,"2014-10-17 19:48:16",massUpdate,"a:1:{s:7:""general"";s:4:""1, 9"";}",success,andrew.stayart,2,adminhtml_process_massReindex,,127.0.0.1
626,2130706433,0,catalog_products,"2014-10-17 20:32:11",view,"a:1:{s:7:""general"";s:5:""22926"";}",success,andrew.stayart,2,adminhtml_catalog_product_edit,,127.0.0.1
627,2130706433,0,catalog_products,"2014-10-17 21:15:24",massUpdate,"a:1:{s:7:""general"";s:18:""Attributes Updated"";}",success,andrew.stayart,2,adminhtml_catalog_product_action_attribute_save,,127.0.0.1
628,2130706433,0,index_management,"2014-10-17 21:15:36",massUpdate,"a:1:{s:7:""general"";s:4:""1, 9"";}",success,andrew.stayart,2,adminhtml_process_massReindex,,127.0.0.1
629,2130706433,0,catalog_products,"2014-10-17 21:17:19",view,"a:1:{s:7:""general"";s:5:""22926"";}",success,andrew.stayart,2,adminhtml_catalog_product_edit,,127.0.0.1
630,2130706433,0,catalog_products,"2014-10-17 21:18:49",save,"a:1:{s:7:""general"";s:5:""22926"";}",success,andrew.stayart,2,adminhtml_catalog_product_save,,127.0.0.1
631,2130706433,0,catalog_products,"2014-10-17 21:23:59",save,"a:1:{s:7:""general"";s:5:""22926"";}",success,andrew.stayart,2,adminhtml_catalog_product_save,,127.0.0.1
632,2130706433,0,index_management,"2014-10-17 21:24:17",massUpdate,"a:1:{s:7:""general"";s:4:""1, 9"";}",success,andrew.stayart,2,adminhtml_process_massReindex,,127.0.0.1
633,2130706433,0,cache_management,"2014-10-17 21:24:27",flush,"a:1:{s:7:""general"";N;}",success,andrew.stayart,2,adminhtml_cache_flushAll,,127.0.0.1
634,2130706433,0,cache_management,"2014-10-17 21:24:32",flush,"a:1:{s:7:""general"";N;}",success,andrew.stayart,2,adminhtml_cache_flushSystem,,127.0.0.1
635,2130706433,0,cache_management,"2014-10-17 21:32:49",save,"a:1:{s:7:""general"";s:105:""Cache types: config, layout, block_html, translate, collections, eav, config_api, config_api2, full_page "";}",success,andrew.stayart,2,adminhtml_cache_massEnable,,127.0.0.1
636,2130706433,0,admin_login,"2014-10-20 14:07:19",login,"a:1:{s:7:""general"";N;}",success,andrew.stayart,2,adminhtml_catalog_product_index,,127.0.0.1
637,2130706433,0,catalog_products,"2014-10-20 14:07:26",view,"a:1:{s:7:""general"";s:5:""41348"";}",success,andrew.stayart,2,adminhtml_catalog_product_edit,,127.0.0.1
638,2130706433,0,catalog_products,"2014-10-20 14:07:49",massUpdate,"a:1:{s:7:""general"";s:18:""Attributes Updated"";}",success,andrew.stayart,2,adminhtml_catalog_product_action_attribute_save,,127.0.0.1
639,2130706433,0,index_management,"2014-10-20 14:12:34",reindex_process,"a:1:{s:7:""general"";i:1;}",success,andrew.stayart,2,adminhtml_process_reindexProcess,,127.0.0.1
640,2130706433,0,index_management,"2014-10-20 14:12:37",reindex_process,"a:1:{s:7:""general"";i:9;}",success,andrew.stayart,2,adminhtml_process_reindexProcess,,127.0.0.1
641,2130706433,0,cache_management,"2014-10-20 14:13:38",flush,"a:1:{s:7:""general"";N;}",success,andrew.stayart,2,adminhtml_cache_flushAll,,127.0.0.1
642,2130706433,0,index_management,"2014-10-20 15:43:19",reindex_process,"a:1:{s:7:""general"";i:1;}",success,andrew.stayart,2,adminhtml_process_reindexProcess,,127.0.0.1
643,1145587202,0,cache_management,"2014-10-20 16:15:31",save,"a:1:{s:7:""general"";s:105:""Cache types: config, layout, block_html, translate, collections, eav, config_api, config_api2, full_page "";}",success,andrew.stayart,2,adminhtml_cache_massEnable,,68.72.70.2
644,1145587202,0,cache_management,"2014-10-20 16:15:37",save,"a:1:{s:7:""general"";s:105:""Cache types: config, layout, block_html, translate, collections, eav, config_api, config_api2, full_page "";}",success,andrew.stayart,2,adminhtml_cache_massRefresh,,68.72.70.2
645,1145587202,0,index_management,"2014-10-20 16:15:45",reindex_process,"a:1:{s:7:""general"";i:1;}",success,andrew.stayart,2,adminhtml_process_reindexProcess,,68.72.70.2
646,1145587202,0,admin_login,"2014-10-20 16:16:41",login,"a:1:{s:7:""general"";N;}",success,jordan.izsak,1,adminhtml_index_index,,68.72.70.2
647,1145587202,0,admin_login,"2014-10-20 16:17:49",login,"a:1:{s:7:""general"";N;}",failure,Isaac.Cunningham,6,adminhtml_index_index,,68.72.70.2
648,1145587202,0,admin_login,"2014-10-20 16:18:01",login,"a:1:{s:7:""general"";N;}",failure,Isaac.Cunningham,6,adminhtml_index_index,,68.72.70.2
649,1145587202,0,adminhtml_system_config,"2014-10-20 16:18:09",view,"a:1:{s:7:""general"";s:3:""web"";}",success,andrew.stayart,2,adminhtml_system_config_edit,,68.72.70.2
650,1145587202,0,adminhtml_system_config,"2014-10-20 16:18:16",view,"a:1:{s:7:""general"";s:6:""design"";}",success,andrew.stayart,2,adminhtml_system_config_edit,,68.72.70.2
651,1145587202,0,cache_management,"2014-10-20 16:32:39",flush,"a:1:{s:7:""general"";N;}",success,andrew.stayart,2,adminhtml_cache_flushAll,,68.72.70.2
652,1145587202,0,cache_management,"2014-10-20 16:32:41",flush,"a:1:{s:7:""general"";N;}",success,andrew.stayart,2,adminhtml_cache_flushSystem,,68.72.70.2
653,1145587202,0,admin_login,"2014-10-20 16:40:14",login,"a:1:{s:7:""general"";N;}",failure,isaac.cunningham,6,adminhtml_index_index,,68.72.70.2
654,1145587202,0,admin_login,"2014-10-20 16:40:25",login,"a:1:{s:7:""general"";N;}",failure,isaac.cunningham,6,adminhtml_index_index,,68.72.70.2
655,1145587202,0,admin_login,"2014-10-20 16:40:32",login,"a:1:{s:7:""general"";N;}",failure,Isaac.Cunningham,6,adminhtml_index_index,,68.72.70.2
656,1145587202,0,admin_login,"2014-10-20 16:40:40",login,"a:1:{s:7:""general"";N;}",failure,Isaac.Cunningham,6,adminhtml_index_index,,68.72.70.2
657,1145587202,0,admin_login,"2014-10-20 16:41:13",forgotpassword,"a:1:{s:7:""general"";s:34:""isaac.cunningham@americaneagle.com"";}",success,,,adminhtml_index_forgotpassword,,68.72.70.2
658,0,0,admin_login,"2014-10-20 16:43:43",login,"a:1:{s:7:""general"";s:14:""User is locked"";}",failure,Isaac.Cunningham,6,adminhtml_index_login,,0.0.0.0
659,0,0,admin_login,"2014-10-20 16:43:59",login,"a:1:{s:7:""general"";s:14:""User is locked"";}",failure,isaac.cunningham,6,adminhtml_index_login,,0.0.0.0
660,1145587202,0,admin_login,"2014-10-20 16:44:16",login,"a:1:{s:7:""general"";N;}",failure,isaac.cunningham@americaneagle.com,,adminhtml_index_login,,68.72.70.2
661,1145587202,0,adminhtml_permission_users,"2014-10-20 16:45:13",view,"a:1:{s:7:""general"";s:1:""6"";}",success,jordan.izsak,1,adminhtml_permissions_user_edit,,68.72.70.2
662,0,0,admin_login,"2014-10-20 16:45:59",login,"a:1:{s:7:""general"";s:14:""User is locked"";}",failure,isaac.cunningham,6,adminhtml_index_index,,0.0.0.0
663,0,0,admin_login,"2014-10-20 16:46:11",login,"a:1:{s:7:""general"";s:14:""User is locked"";}",failure,isaac.cunningham,6,adminhtml_index_index,,0.0.0.0
664,1145587202,0,admin_login,"2014-10-20 16:46:19",login,"a:1:{s:7:""general"";N;}",success,jordan.izsak,1,adminhtml_index_index,,68.72.70.2
665,1145587202,0,enterprise_pci_locks,"2014-10-20 16:47:11",massUpdate,"a:1:{s:7:""general"";s:1:""6"";}",success,jordan.izsak,1,adminhtml_locks_massUnlock,,68.72.70.2
666,1145587202,0,admin_login,"2014-10-20 16:48:15",login,"a:1:{s:7:""general"";N;}",failure,isaac.cunningham,6,adminhtml_index_login,,68.72.70.2
667,1145587202,0,admin_login,"2014-10-20 16:48:32",login,"a:1:{s:7:""general"";N;}",success,isaac.cunningham,6,adminhtml_index_index,,68.72.70.2
668,1145587202,0,admin_login,"2014-10-20 17:38:06",login,"a:1:{s:7:""general"";N;}",success,jordan.izsak,1,adminhtml_index_index,,68.72.70.2
669,1145587202,0,adminhtml_system_config,"2014-10-20 17:50:55",view,"a:1:{s:7:""general"";s:8:""webforms"";}",success,isaac.cunningham,6,adminhtml_system_config_edit,,68.72.70.2
670,1145587202,0,adminhtml_system_config,"2014-10-20 17:51:50",save,"a:1:{s:7:""general"";s:8:""webforms"";}",success,isaac.cunningham,6,adminhtml_system_config_save,,68.72.70.2
671,1145587202,0,adminhtml_system_config,"2014-10-20 17:52:06",view,"a:1:{s:7:""general"";s:8:""contacts"";}",success,isaac.cunningham,6,adminhtml_system_config_edit,,68.72.70.2
672,1145587202,0,adminhtml_system_config,"2014-10-20 17:52:07",view,"a:1:{s:7:""general"";s:8:""contacts"";}",success,isaac.cunningham,6,adminhtml_system_config_edit,,68.72.70.2
673,1145587202,0,adminhtml_system_config,"2014-10-20 17:52:17",view,"a:1:{s:7:""general"";s:3:""cms"";}",success,isaac.cunningham,6,adminhtml_system_config_edit,,68.72.70.2
674,1145587202,0,adminhtml_system_config,"2014-10-20 17:52:38",view,"a:1:{s:7:""general"";s:8:""webforms"";}",success,isaac.cunningham,6,adminhtml_system_config_edit,,68.72.70.2
675,1145587202,0,cache_management,"2014-10-20 18:02:10",save,"a:1:{s:7:""general"";s:23:""Cache types: full_page "";}",success,jordan.izsak,1,adminhtml_cache_massRefresh,,68.72.70.2
676,1145587202,0,cache_management,"2014-10-20 18:02:21",save,"a:1:{s:7:""general"";s:105:""Cache types: config, layout, block_html, translate, collections, eav, config_api, config_api2, full_page "";}",success,isaac.cunningham,6,adminhtml_cache_massRefresh,,68.72.70.2
677,1145587202,0,adminhtml_system_config,"2014-10-20 20:01:06",view,"a:1:{s:7:""general"";s:8:""webforms"";}",success,andrew.stayart,2,adminhtml_system_config_edit,,68.72.70.2
678,1145587202,0,adminhtml_system_config,"2014-10-20 20:01:12",save,"a:1:{s:7:""general"";s:8:""webforms"";}",success,andrew.stayart,2,adminhtml_system_config_save,,68.72.70.2
679,1145587202,0,adminhtml_system_config,"2014-10-20 20:01:23",save,"a:1:{s:7:""general"";s:8:""webforms"";}",success,andrew.stayart,2,adminhtml_system_config_save,,68.72.70.2
680,1145587202,0,cms_pages,"2014-10-20 20:04:31",view,"a:1:{s:7:""general"";s:1:""3"";}",success,isaac.cunningham,6,adminhtml_cms_page_edit,,68.72.70.2
681,1145587202,0,enterprise_cms_hierarchy,"2014-10-20 20:04:55",view,"a:1:{s:7:""general"";s:11:""Tree Viewed"";}",success,isaac.cunningham,6,adminhtml_cms_hierarchy_index,,68.72.70.2
682,1145587202,0,adminhtml_system_config,"2014-10-20 20:06:48",save,"a:1:{s:7:""general"";s:8:""webforms"";}",success,andrew.stayart,2,adminhtml_system_config_save,,68.72.70.2
683,1145587202,0,cache_management,"2014-10-20 20:07:33",save,"a:1:{s:7:""general"";s:105:""Cache types: config, layout, block_html, translate, collections, eav, config_api, config_api2, full_page "";}",success,andrew.stayart,2,adminhtml_cache_massRefresh,,68.72.70.2
684,1145587202,0,adminhtml_system_config,"2014-10-20 20:13:55",view,"a:1:{s:7:""general"";s:7:""general"";}",success,andrew.stayart,2,adminhtml_system_config_edit,,68.72.70.2
685,1145587202,0,adminhtml_system_config,"2014-10-20 20:13:59",view,"a:1:{s:7:""general"";s:8:""advanced"";}",success,andrew.stayart,2,adminhtml_system_config_edit,,68.72.70.2
686,1145587202,0,adminhtml_system_config,"2014-10-20 20:14:02",view,"a:1:{s:7:""general"";s:3:""dev"";}",success,andrew.stayart,2,adminhtml_system_config_edit,,68.72.70.2
687,1145587202,0,adminhtml_system_config,"2014-10-20 20:14:08",save,"a:1:{s:7:""general"";s:3:""dev"";}",success,andrew.stayart,2,adminhtml_system_config_save,,68.72.70.2
688,1145587202,0,adminhtml_system_config,"2014-10-20 20:14:26",view,"a:1:{s:7:""general"";s:3:""dev"";}",success,andrew.stayart,2,adminhtml_system_config_edit,,68.72.70.2
689,1145587202,0,adminhtml_system_config,"2014-10-20 20:14:31",save,"a:1:{s:7:""general"";s:3:""dev"";}",success,andrew.stayart,2,adminhtml_system_config_save,,68.72.70.2
690,1145587202,0,admin_login,"2014-10-20 20:19:16",login,"a:1:{s:7:""general"";N;}",success,isaac.cunningham,6,webforms_adminhtml_webforms_index,,68.72.70.2
691,214445858,0,admin_login,"2014-10-20 20:47:30",login,"a:1:{s:7:""general"";N;}",failure,bryan.bielefeldt,,adminhtml_index_index,,12.200.47.34
692,214445858,0,admin_login,"2014-10-20 20:48:19",login,"a:1:{s:7:""general"";N;}",failure,bryan.bielefeldt,,adminhtml_index_index,,12.200.47.34
693,214445858,0,admin_login,"2014-10-20 20:49:27",login,"a:1:{s:7:""general"";N;}",failure,bryan.bielefeldt,,adminhtml_index_index,,12.200.47.34
694,214445858,0,admin_login,"2014-10-20 20:53:42",login,"a:1:{s:7:""general"";N;}",failure,bryan.bielefeldt,,adminhtml_index_index,,12.200.47.34
695,214445858,0,admin_login,"2014-10-20 20:53:46",login,"a:1:{s:7:""general"";N;}",failure,bryan.bielefeldt,,adminhtml_index_index,,12.200.47.34
696,1145587202,0,cache_management,"2014-10-20 21:29:10",save,"a:1:{s:7:""general"";s:105:""Cache types: config, layout, block_html, translate, collections, eav, config_api, config_api2, full_page "";}",success,andrew.stayart,2,adminhtml_cache_massRefresh,,68.72.70.2
697,1145587202,0,cache_management,"2014-10-20 21:29:13",flush,"a:1:{s:7:""general"";N;}",success,andrew.stayart,2,adminhtml_cache_flushAll,,68.72.70.2
698,1145587202,0,cache_management,"2014-10-20 21:29:16",flush,"a:1:{s:7:""general"";N;}",success,andrew.stayart,2,adminhtml_cache_flushSystem,,68.72.70.2
699,1145587202,0,admin_login,"2014-10-21 12:04:57",login,"a:1:{s:7:""general"";N;}",success,jordan.izsak,1,adminhtml_index_index,,68.72.70.2
700,1145587202,0,adminhtml_permission_users,"2014-10-21 12:18:00",save,"a:1:{s:7:""general"";s:1:""7"";}",success,jordan.izsak,1,adminhtml_permissions_user_save,,68.72.70.2
701,1145587202,0,catalog_attributesets,"2014-10-21 12:27:16",view,"a:1:{s:7:""general"";s:2:""10"";}",success,jordan.izsak,1,adminhtml_catalog_product_set_edit,,68.72.70.2
702,1145587202,0,catalog_attributesets,"2014-10-21 12:27:59",save,"a:1:{s:7:""general"";s:2:""10"";}",success,jordan.izsak,1,adminhtml_catalog_product_set_save,,68.72.70.2
703,1145587202,0,adminhtml_system_config,"2014-10-21 12:30:02",view,"a:1:{s:7:""general"";s:5:""admin"";}",success,jordan.izsak,1,adminhtml_system_config_edit,,68.72.70.2
704,1145587202,0,adminhtml_system_config,"2014-10-21 12:30:07",view,"a:1:{s:7:""general"";s:7:""catalog"";}",success,jordan.izsak,1,adminhtml_system_config_edit,,68.72.70.2
705,1145587202,0,catalog_products,"2014-10-21 12:42:10",view,"a:1:{s:7:""general"";s:5:""41348"";}",success,jordan.izsak,1,adminhtml_catalog_product_edit,,68.72.70.2
706,214445858,0,admin_login,"2014-10-21 12:49:30",login,"a:1:{s:7:""general"";N;}",success,bryan.bielefeldt,7,adminhtml_index_index,,12.200.47.34
707,214445858,0,adminhtml_system_backups,"2014-10-21 12:57:45",create,"a:1:{s:7:""general"";s:35:""1413896199_snapshot_OCT21856EST.tgz"";}",success,bryan.bielefeldt,7,adminhtml_system_backup_create,,12.200.47.34
708,1145587202,0,admin_login,"2014-10-21 12:58:27",login,"a:1:{s:7:""general"";N;}",success,andrew.stayart,2,adminhtml_index_index,,68.72.70.2
709,1145587202,0,admin_login,"2014-10-21 14:46:09",login,"a:1:{s:7:""general"";N;}",success,andrew.stayart,2,adminhtml_index_index,,68.72.70.2
710,2130706433,0,catalog_products,"2014-10-21 14:47:07",save,"a:1:{s:7:""general"";s:5:""22926"";}",success,andrew.stayart,2,adminhtml_catalog_product_save,,127.0.0.1
711,1145587202,0,cache_management,"2014-10-21 14:51:42",flush,"a:1:{s:7:""general"";N;}",success,andrew.stayart,2,adminhtml_cache_flushAll,,68.72.70.2
712,1145587202,0,cache_management,"2014-10-21 14:51:46",flush,"a:1:{s:7:""general"";N;}",success,andrew.stayart,2,adminhtml_cache_flushSystem,,68.72.70.2
713,1145587202,0,index_management,"2014-10-21 14:51:54",massUpdate,"a:1:{s:7:""general"";s:4:""1, 9"";}",success,andrew.stayart,2,adminhtml_process_massReindex,,68.72.70.2
714,1145587202,0,cache_management,"2014-10-21 14:52:00",save,"a:1:{s:7:""general"";s:105:""Cache types: config, layout, block_html, translate, collections, eav, config_api, config_api2, full_page "";}",success,andrew.stayart,2,adminhtml_cache_massRefresh,,68.72.70.2
715,214445858,0,admin_login,"2014-10-21 18:00:33",login,"a:1:{s:7:""general"";N;}",success,bryan.bielefeldt,7,adminhtml_system_config_index,,12.200.47.34
716,1145587202,0,admin_login,"2014-10-21 18:01:57",login,"a:1:{s:7:""general"";N;}",success,jordan.izsak,1,adminhtml_sales_order_index,,68.72.70.2
717,214445858,0,adminhtml_system_backups,"2014-10-21 18:39:15",create,"a:1:{s:7:""general"";s:35:""1413916689_snapshot_OCT21238EST.tgz"";}",success,bryan.bielefeldt,7,adminhtml_system_backup_create,,12.200.47.34
718,214445858,0,adminhtml_system_backups,"2014-10-21 18:58:32",create,"a:1:{s:7:""general"";s:32:""1413917864_media_OCT21257EST.tgz"";}",success,bryan.bielefeldt,7,adminhtml_system_backup_create,,12.200.47.34
719,1145587202,0,admin_login,"2014-10-21 20:16:41",login,"a:1:{s:7:""general"";N;}",success,andrew.stayart,2,adminhtml_index_index,,68.72.70.2
720,1145587202,0,cache_management,"2014-10-21 20:16:51",flush,"a:1:{s:7:""general"";N;}",success,andrew.stayart,2,adminhtml_cache_flushAll,,68.72.70.2
721,1145587202,0,cache_management,"2014-10-21 20:16:54",flush,"a:1:{s:7:""general"";N;}",success,andrew.stayart,2,adminhtml_cache_flushSystem,,68.72.70.2
722,1145587202,0,cache_management,"2014-10-21 20:16:59",save,"a:1:{s:7:""general"";s:105:""Cache types: config, layout, block_html, translate, collections, eav, config_api, config_api2, full_page "";}",success,andrew.stayart,2,adminhtml_cache_massRefresh,,68.72.70.2
723,1145587202,0,cache_management,"2014-10-21 20:17:03",flush,"a:1:{s:7:""general"";N;}",success,andrew.stayart,2,adminhtml_cache_flushAll,,68.72.70.2
724,1145587202,0,cache_management,"2014-10-21 20:17:06",flush,"a:1:{s:7:""general"";N;}",success,andrew.stayart,2,adminhtml_cache_flushSystem,,68.72.70.2
725,1145587202,0,admin_login,"2014-10-21 20:40:08",login,"a:1:{s:7:""general"";N;}",success,levente.albert,3,adminhtml_index_index,,68.72.70.2
726,1145587202,0,catalog_products,"2014-10-21 20:40:45",save,"a:1:{s:7:""general"";s:5:""41349"";}",success,levente.albert,3,adminhtml_catalog_product_save,,68.72.70.2
727,1145587202,0,catalog_products,"2014-10-21 20:40:58",massUpdate,"a:1:{s:7:""general"";s:18:""Attributes Updated"";}",success,levente.albert,3,adminhtml_catalog_product_action_attribute_save,,68.72.70.2
728,1145587202,0,catalog_products,"2014-10-21 20:43:14",massUpdate,"a:1:{s:7:""general"";s:18:""Attributes Updated"";}",success,levente.albert,3,adminhtml_catalog_product_action_attribute_save,,68.72.70.2
729,1145587202,0,catalog_products,"2014-10-21 20:43:35",view,"a:1:{s:7:""general"";s:5:""41349"";}",success,levente.albert,3,adminhtml_catalog_product_edit,,68.72.70.2
730,1145587202,0,cache_management,"2014-10-21 20:44:24",save,"a:1:{s:7:""general"";s:105:""Cache types: config, layout, block_html, translate, collections, eav, config_api, config_api2, full_page "";}",success,levente.albert,3,adminhtml_cache_massRefresh,,68.72.70.2
731,1145587202,0,cache_management,"2014-10-21 20:44:27",flush,"a:1:{s:7:""general"";N;}",success,levente.albert,3,adminhtml_cache_flushSystem,,68.72.70.2
732,1145587202,0,cache_management,"2014-10-21 20:44:31",flush,"a:1:{s:7:""general"";N;}",success,levente.albert,3,adminhtml_cache_flushAll,,68.72.70.2
733,1073413131,0,admin_login,"2014-10-22 13:19:18",login,"a:1:{s:7:""general"";N;}",success,jordan.izsak,1,adminhtml_index_index,,63.250.252.11
734,1145587202,0,admin_login,"2014-10-22 16:56:12",login,"a:1:{s:7:""general"";N;}",failure,andrew.stayart,2,adminhtml_index_index,,68.72.70.2
735,1145587202,0,admin_login,"2014-10-22 16:56:17",login,"a:1:{s:7:""general"";N;}",success,andrew.stayart,2,adminhtml_index_index,,68.72.70.2
736,1145587202,0,index_management,"2014-10-22 16:56:26",massUpdate,"a:1:{s:7:""general"";s:4:""1, 9"";}",success,andrew.stayart,2,adminhtml_process_massReindex,,68.72.70.2
737,1145587202,0,cache_management,"2014-10-22 16:56:33",save,"a:1:{s:7:""general"";s:105:""Cache types: config, layout, block_html, translate, collections, eav, config_api, config_api2, full_page "";}",success,andrew.stayart,2,adminhtml_cache_massRefresh,,68.72.70.2
738,1145587202,0,cache_management,"2014-10-22 16:56:35",flush,"a:1:{s:7:""general"";N;}",success,andrew.stayart,2,adminhtml_cache_flushSystem,,68.72.70.2
739,1145587202,0,cache_management,"2014-10-22 16:56:46",flush,"a:1:{s:7:""general"";N;}",success,andrew.stayart,2,adminhtml_cache_flushAll,,68.72.70.2
740,1145587202,0,cache_management,"2014-10-22 16:56:48",flush,"a:1:{s:7:""general"";N;}",success,andrew.stayart,2,adminhtml_cache_flushSystem,,68.72.70.2
741,2130706433,0,cache_management,"2014-10-22 18:08:22",clean,"a:1:{s:7:""general"";N;}",success,andrew.stayart,2,adminhtml_cache_cleanImages,,127.0.0.1
742,2130706433,0,cache_management,"2014-10-22 18:08:29",clean,"a:1:{s:7:""general"";N;}",success,andrew.stayart,2,adminhtml_cache_cleanMedia,,127.0.0.1
743,1145587202,0,admin_login,"2014-10-22 18:16:58",login,"a:1:{s:7:""general"";N;}",success,jordan.izsak,1,adminhtml_index_index,,68.72.70.2
744,2130706433,0,adminhtml_system_config,"2014-10-22 18:23:44",view,"a:1:{s:7:""general"";s:7:""general"";}",success,andrew.stayart,2,adminhtml_system_config_edit,,127.0.0.1
745,2130706433,0,adminhtml_system_config,"2014-10-22 18:23:47",view,"a:1:{s:7:""general"";s:3:""dev"";}",success,andrew.stayart,2,adminhtml_system_config_edit,,127.0.0.1
746,2130706433,0,adminhtml_system_config,"2014-10-22 18:23:55",save,"a:1:{s:7:""general"";s:3:""dev"";}",success,andrew.stayart,2,adminhtml_system_config_save,,127.0.0.1
747,2130706433,0,adminhtml_system_config,"2014-10-22 18:24:46",save,"a:1:{s:7:""general"";s:3:""dev"";}",success,andrew.stayart,2,adminhtml_system_config_save,,127.0.0.1
748,2130706433,0,cache_management,"2014-10-22 18:25:25",save,"a:1:{s:7:""general"";s:105:""Cache types: config, layout, block_html, translate, collections, eav, config_api, config_api2, full_page "";}",success,andrew.stayart,2,adminhtml_cache_massRefresh,,127.0.0.1
749,2130706433,0,cache_management,"2014-10-22 18:25:28",flush,"a:1:{s:7:""general"";N;}",success,andrew.stayart,2,adminhtml_cache_flushAll,,127.0.0.1
750,2130706433,0,cache_management,"2014-10-22 18:25:33",flush,"a:1:{s:7:""general"";N;}",success,andrew.stayart,2,adminhtml_cache_flushSystem,,127.0.0.1
751,2130706433,0,cache_management,"2014-10-22 18:31:21",save,"a:1:{s:7:""general"";s:105:""Cache types: config, layout, block_html, translate, collections, eav, config_api, config_api2, full_page "";}",success,andrew.stayart,2,adminhtml_cache_massDisable,,127.0.0.1
752,2130706433,0,cache_management,"2014-10-22 18:31:24",flush,"a:1:{s:7:""general"";N;}",success,andrew.stayart,2,adminhtml_cache_flushAll,,127.0.0.1
753,2130706433,0,cache_management,"2014-10-22 18:31:29",flush,"a:1:{s:7:""general"";N;}",success,andrew.stayart,2,adminhtml_cache_flushSystem,,127.0.0.1
754,2130706433,0,cache_management,"2014-10-22 18:43:55",flush,"a:1:{s:7:""general"";N;}",success,andrew.stayart,2,adminhtml_cache_flushAll,,127.0.0.1
755,2130706433,0,cache_management,"2014-10-22 18:44:01",flush,"a:1:{s:7:""general"";N;}",success,andrew.stayart,2,adminhtml_cache_flushSystem,,127.0.0.1
756,2130706433,0,adminhtml_system_config,"2014-10-22 18:44:14",view,"a:1:{s:7:""general"";s:8:""contacts"";}",success,andrew.stayart,2,adminhtml_system_config_edit,,127.0.0.1
757,2130706433,0,adminhtml_system_config,"2014-10-22 18:44:16",view,"a:1:{s:7:""general"";s:7:""general"";}",success,andrew.stayart,2,adminhtml_system_config_edit,,127.0.0.1
758,2130706433,0,adminhtml_system_config,"2014-10-22 18:44:22",view,"a:1:{s:7:""general"";s:3:""dev"";}",success,andrew.stayart,2,adminhtml_system_config_edit,,127.0.0.1
759,2130706433,0,adminhtml_system_config,"2014-10-22 18:44:27",save,"a:1:{s:7:""general"";s:3:""dev"";}",success,andrew.stayart,2,adminhtml_system_config_save,,127.0.0.1
760,2130706433,0,cms_pages,"2014-10-22 19:17:26",view,"a:1:{s:7:""general"";s:1:""2"";}",success,andrew.stayart,2,adminhtml_cms_page_edit,,127.0.0.1
761,2130706433,0,cms_pages,"2014-10-22 19:18:06",save,"a:1:{s:7:""general"";s:1:""2"";}",success,andrew.stayart,2,adminhtml_cms_page_save,,127.0.0.1
762,2130706433,0,adminhtml_system_config,"2014-10-22 19:20:21",view,"a:1:{s:7:""general"";s:8:""webforms"";}",success,andrew.stayart,2,adminhtml_system_config_edit,,127.0.0.1
763,2130706433,0,adminhtml_system_config,"2014-10-22 19:20:33",save,"a:1:{s:7:""general"";s:8:""webforms"";}",success,andrew.stayart,2,adminhtml_system_config_save,,127.0.0.1
764,2130706433,0,cms_pages,"2014-10-22 19:54:25",save,"a:1:{s:7:""general"";s:1:""2"";}",success,andrew.stayart,2,adminhtml_cms_page_save,,127.0.0.1
765,2130706433,0,adminhtml_system_config,"2014-10-22 20:07:40",view,"a:1:{s:7:""general"";s:3:""web"";}",success,andrew.stayart,2,adminhtml_system_config_edit,,127.0.0.1
766,2130706433,0,cache_management,"2014-10-22 20:07:48",save,"a:1:{s:7:""general"";s:105:""Cache types: config, layout, block_html, translate, collections, eav, config_api, config_api2, full_page "";}",success,andrew.stayart,2,adminhtml_cache_massRefresh,,127.0.0.1
767,2130706433,0,cache_management,"2014-10-22 20:07:53",flush,"a:1:{s:7:""general"";N;}",success,andrew.stayart,2,adminhtml_cache_flushAll,,127.0.0.1
768,2130706433,0,cache_management,"2014-10-22 20:07:58",flush,"a:1:{s:7:""general"";N;}",success,andrew.stayart,2,adminhtml_cache_flushSystem,,127.0.0.1
769,1145587202,0,cache_management,"2014-10-22 20:22:36",save,"a:1:{s:7:""general"";s:105:""Cache types: config, layout, block_html, translate, collections, eav, config_api, config_api2, full_page "";}",success,andrew.stayart,2,adminhtml_cache_massRefresh,,68.72.70.2
770,1145587202,0,cache_management,"2014-10-22 20:22:39",flush,"a:1:{s:7:""general"";N;}",success,andrew.stayart,2,adminhtml_cache_flushAll,,68.72.70.2
771,1145587202,0,cache_management,"2014-10-22 20:22:42",flush,"a:1:{s:7:""general"";N;}",success,andrew.stayart,2,adminhtml_cache_flushSystem,,68.72.70.2
772,1145587202,0,cache_management,"2014-10-22 20:22:46",flush,"a:1:{s:7:""general"";N;}",success,andrew.stayart,2,adminhtml_cache_flushSystem,,68.72.70.2
773,1145587202,0,cache_management,"2014-10-22 20:22:51",flush,"a:1:{s:7:""general"";N;}",success,andrew.stayart,2,adminhtml_cache_flushAll,,68.72.70.2
774,2130706433,0,adminhtml_system_config,"2014-10-22 20:55:40",view,"a:1:{s:7:""general"";s:16:""payment_services"";}",success,andrew.stayart,2,adminhtml_system_config_edit,,127.0.0.1
775,2130706433,0,adminhtml_system_config,"2014-10-22 20:55:53",view,"a:1:{s:7:""general"";s:7:""payment"";}",success,andrew.stayart,2,adminhtml_system_config_edit,,127.0.0.1
776,2130706433,0,adminhtml_system_config,"2014-10-22 21:00:56",save,"a:1:{s:7:""general"";s:7:""payment"";}",success,andrew.stayart,2,adminhtml_system_config_save,,127.0.0.1
777,2130706433,0,adminhtml_system_config,"2014-10-22 21:06:58",save,"a:1:{s:7:""general"";s:7:""payment"";}",success,andrew.stayart,2,adminhtml_system_config_save,,127.0.0.1
778,2130706433,0,adminhtml_system_config,"2014-10-22 21:07:08",save,"a:1:{s:7:""general"";s:7:""payment"";}",success,andrew.stayart,2,adminhtml_system_config_save,,127.0.0.1
779,2130706433,0,adminhtml_system_config,"2014-10-22 21:07:58",view,"a:1:{s:7:""general"";s:3:""dev"";}",success,andrew.stayart,2,adminhtml_system_config_edit,,127.0.0.1
780,2130706433,0,adminhtml_system_config,"2014-10-22 21:08:03",save,"a:1:{s:7:""general"";s:3:""dev"";}",success,andrew.stayart,2,adminhtml_system_config_save,,127.0.0.1
781,2130706433,0,adminhtml_system_config,"2014-10-22 21:11:51",view,"a:1:{s:7:""general"";s:7:""general"";}",success,andrew.stayart,2,adminhtml_system_config_edit,,127.0.0.1
782,2130706433,0,adminhtml_system_config,"2014-10-22 21:11:54",view,"a:1:{s:7:""general"";s:3:""dev"";}",success,andrew.stayart,2,adminhtml_system_config_edit,,127.0.0.1
783,2130706433,0,adminhtml_system_config,"2014-10-22 21:11:59",save,"a:1:{s:7:""general"";s:3:""dev"";}",success,andrew.stayart,2,adminhtml_system_config_save,,127.0.0.1
784,2130706433,0,cache_management,"2014-10-22 21:12:42",flush,"a:1:{s:7:""general"";N;}",success,andrew.stayart,2,adminhtml_cache_flushAll,,127.0.0.1
785,2130706433,0,cache_management,"2014-10-22 21:12:48",flush,"a:1:{s:7:""general"";N;}",success,andrew.stayart,2,adminhtml_cache_flushSystem,,127.0.0.1
786,2130706433,0,adminhtml_system_config,"2014-10-22 21:15:59",view,"a:1:{s:7:""general"";s:7:""payment"";}",success,andrew.stayart,2,adminhtml_system_config_edit,,127.0.0.1
787,1145587202,0,admin_login,"2014-10-23 11:58:53",login,"a:1:{s:7:""general"";N;}",success,jordan.izsak,1,adminhtml_index_index,,68.72.70.2
788,1145587202,0,adminhtml_system_config,"2014-10-23 11:59:15",view,"a:1:{s:7:""general"";s:7:""payment"";}",success,jordan.izsak,1,adminhtml_system_config_edit,,68.72.70.2
789,1145587202,0,adminhtml_system_config,"2014-10-23 12:00:47",save,"a:1:{s:7:""general"";s:7:""payment"";}",success,jordan.izsak,1,adminhtml_system_config_save,,68.72.70.2
790,1145587202,0,adminhtml_system_config,"2014-10-23 12:03:36",save,"a:1:{s:7:""general"";s:7:""payment"";}",success,jordan.izsak,1,adminhtml_system_config_save,,68.72.70.2
791,2130706433,0,admin_login,"2014-10-23 14:12:39",login,"a:1:{s:7:""general"";N;}",success,andrew.stayart,2,adminhtml_cache_index,,127.0.0.1
792,2130706433,0,cache_management,"2014-10-23 14:12:46",flush,"a:1:{s:7:""general"";N;}",success,andrew.stayart,2,adminhtml_cache_flushAll,,127.0.0.1
793,2130706433,0,cache_management,"2014-10-23 14:12:50",flush,"a:1:{s:7:""general"";N;}",success,andrew.stayart,2,adminhtml_cache_flushSystem,,127.0.0.1
794,2130706433,0,cache_management,"2014-10-23 14:12:56",flush,"a:1:{s:7:""general"";N;}",success,andrew.stayart,2,adminhtml_cache_flushSystem,,127.0.0.1
795,1145587202,0,admin_login,"2014-10-23 15:08:23",login,"a:1:{s:7:""general"";N;}",failure,andrew.stayar,,adminhtml_index_index,,68.72.70.2
796,1145587202,0,admin_login,"2014-10-23 15:08:29",login,"a:1:{s:7:""general"";N;}",success,andrew.stayart,2,adminhtml_index_index,,68.72.70.2
797,1145587202,0,cache_management,"2014-10-23 15:08:40",flush,"a:1:{s:7:""general"";N;}",success,andrew.stayart,2,adminhtml_cache_flushAll,,68.72.70.2
798,1145587202,0,cache_management,"2014-10-23 15:08:43",flush,"a:1:{s:7:""general"";N;}",success,andrew.stayart,2,adminhtml_cache_flushSystem,,68.72.70.2
799,2130706433,0,adminhtml_system_config,"2014-10-23 15:40:05",view,"a:1:{s:7:""general"";s:7:""payment"";}",success,andrew.stayart,2,adminhtml_system_config_edit,,127.0.0.1
800,2130706433,0,adminhtml_system_config,"2014-10-23 15:58:34",save,"a:1:{s:7:""general"";s:7:""payment"";}",success,andrew.stayart,2,adminhtml_system_config_save,,127.0.0.1
801,2130706433,0,adminhtml_system_config,"2014-10-23 16:19:40",view,"a:1:{s:7:""general"";s:7:""payment"";}",success,andrew.stayart,2,adminhtml_system_config_edit,,127.0.0.1
802,2130706433,0,sales_orders,"2014-10-23 16:56:50",view,"a:2:{s:7:""general"";s:1:""8"";s:10:""additional"";a:1:{s:22:""Mage_Sales_Model_Order"";a:1:{i:8;a:1:{s:12:""increment_id"";s:9:""100000007"";}}}}",success,andrew.stayart,2,adminhtml_sales_order_view,,127.0.0.1
803,2130706433,0,sales_orders,"2014-10-23 16:57:06",view,"a:2:{s:7:""general"";s:1:""8"";s:10:""additional"";a:1:{s:22:""Mage_Sales_Model_Order"";a:1:{i:8;a:1:{s:12:""increment_id"";s:9:""100000007"";}}}}",success,andrew.stayart,2,adminhtml_sales_order_view,,127.0.0.1
804,2130706433,0,adminhtml_permission_roles,"2014-10-23 17:11:29",view,"a:1:{s:7:""general"";s:0:"""";}",success,andrew.stayart,2,adminhtml_permissions_role_editrole,,127.0.0.1
805,2130706433,0,adminhtml_permission_roles,"2014-10-23 17:12:24",save,"a:1:{s:7:""general"";s:2:""11"";}",success,andrew.stayart,2,adminhtml_permissions_role_saverole,,127.0.0.1
806,2130706433,0,adminhtml_permission_users,"2014-10-23 17:13:21",save,"a:1:{s:7:""general"";s:1:""8"";}",success,andrew.stayart,2,adminhtml_permissions_user_save,,127.0.0.1
807,1145587202,0,admin_login,"2014-10-23 17:16:39",login,"a:1:{s:7:""general"";N;}",failure,authcimuser,8,adminhtml_dashboard_index,,68.72.70.2
808,1145587202,0,admin_login,"2014-10-23 17:16:46",login,"a:1:{s:7:""general"";N;}",failure,authcimuser,8,adminhtml_dashboard_index,,68.72.70.2
809,1145587202,0,adminhtml_permission_users,"2014-10-23 17:17:04",view,"a:1:{s:7:""general"";s:1:""8"";}",success,andrew.stayart,2,adminhtml_permissions_user_edit,,68.72.70.2
810,1145587202,0,adminhtml_permission_users,"2014-10-23 17:17:17",save,"a:1:{s:7:""general"";s:1:""8"";}",failure,andrew.stayart,2,adminhtml_permissions_user_save,"error: This password was used earlier, try another one.",68.72.70.2
811,1145587202,0,adminhtml_permission_users,"2014-10-23 17:17:18",view,"a:1:{s:7:""general"";s:1:""8"";}",success,andrew.stayart,2,adminhtml_permissions_user_edit,,68.72.70.2
812,1145587202,0,admin_login,"2014-10-23 17:17:27",login,"a:1:{s:7:""general"";N;}",success,authcimuser,8,adminhtml_dashboard_index,,68.72.70.2
813,1145587202,0,adminhtml_system_config,"2014-10-23 17:17:38",view,"a:1:{s:7:""general"";s:7:""payment"";}",success,authcimuser,8,adminhtml_system_config_edit,,68.72.70.2
814,1145587202,0,adminhtml_system_config,"2014-10-23 17:17:55",view,"a:1:{s:7:""general"";s:7:""payment"";}",success,authcimuser,8,adminhtml_system_config_edit,,68.72.70.2
815,1145587202,0,adminhtml_system_config,"2014-10-23 17:17:58",view,"a:1:{s:7:""general"";s:7:""payment"";}",success,authcimuser,8,adminhtml_system_config_edit,,68.72.70.2
816,1145587202,0,adminhtml_system_config,"2014-10-23 17:18:00",view,"a:1:{s:7:""general"";s:7:""payment"";}",success,authcimuser,8,adminhtml_system_config_edit,,68.72.70.2
817,1145587202,0,adminhtml_system_config,"2014-10-23 17:18:05",view,"a:1:{s:7:""general"";s:7:""payment"";}",success,authcimuser,8,adminhtml_system_config_edit,,68.72.70.2
818,1145587202,0,adminhtml_system_config,"2014-10-23 17:18:09",view,"a:1:{s:7:""general"";s:7:""payment"";}",success,authcimuser,8,adminhtml_system_config_edit,,68.72.70.2
819,1145587202,0,adminhtml_system_config,"2014-10-23 17:18:17",view,"a:1:{s:7:""general"";s:7:""payment"";}",success,authcimuser,8,adminhtml_system_config_edit,,68.72.70.2
820,1145587202,0,admin_login,"2014-10-23 18:09:44",login,"a:1:{s:7:""general"";N;}",success,jordan.izsak,1,adminhtml_index_index,,68.72.70.2
821,1145587202,0,admin_login,"2014-10-23 18:53:53",login,"a:1:{s:7:""general"";N;}",success,levente.albert,3,adminhtml_index_index,,68.72.70.2
822,2130706433,0,adminhtml_system_config,"2014-10-23 19:02:13",view,"a:1:{s:7:""general"";s:7:""payment"";}",success,andrew.stayart,2,adminhtml_system_config_edit,,127.0.0.1
823,2130706433,0,adminhtml_system_config,"2014-10-23 19:02:30",save,"a:1:{s:7:""general"";s:7:""payment"";}",success,andrew.stayart,2,adminhtml_system_config_save,,127.0.0.1
824,2130706433,0,adminhtml_system_config,"2014-10-23 20:14:22",view,"a:1:{s:7:""general"";s:8:""customer"";}",success,andrew.stayart,2,adminhtml_system_config_edit,,127.0.0.1
825,2130706433,0,adminhtml_system_config,"2014-10-23 20:39:44",view,"a:1:{s:7:""general"";s:3:""dev"";}",success,andrew.stayart,2,adminhtml_system_config_edit,,127.0.0.1
826,2130706433,0,adminhtml_system_config,"2014-10-23 20:39:50",save,"a:1:{s:7:""general"";s:3:""dev"";}",success,andrew.stayart,2,adminhtml_system_config_save,,127.0.0.1
827,1145587202,0,admin_login,"2014-10-24 11:57:52",login,"a:1:{s:7:""general"";N;}",success,jordan.izsak,1,adminhtml_index_index,,68.72.70.2
828,1145587202,0,adminhtml_system_config,"2014-10-24 11:58:15",view,"a:1:{s:7:""general"";s:8:""checkout"";}",success,jordan.izsak,1,adminhtml_system_config_edit,,68.72.70.2
829,1145587202,0,adminhtml_system_config,"2014-10-24 11:58:33",view,"a:1:{s:7:""general"";s:7:""payment"";}",success,jordan.izsak,1,adminhtml_system_config_edit,,68.72.70.2
830,1145587202,0,adminhtml_system_config,"2014-10-24 11:58:47",view,"a:1:{s:7:""general"";s:16:""payment_services"";}",success,jordan.izsak,1,adminhtml_system_config_edit,,68.72.70.2
831,1145587202,0,adminhtml_system_config,"2014-10-24 11:58:53",view,"a:1:{s:7:""general"";s:7:""payment"";}",success,jordan.izsak,1,adminhtml_system_config_edit,,68.72.70.2
832,1145587202,0,adminhtml_system_config,"2014-10-24 12:48:53",view,"a:1:{s:7:""general"";s:6:""google"";}",success,jordan.izsak,1,adminhtml_system_config_edit,,68.72.70.2
833,1145587202,0,adminhtml_system_config,"2014-10-24 12:49:46",save,"a:1:{s:7:""general"";s:6:""google"";}",success,jordan.izsak,1,adminhtml_system_config_save,,68.72.70.2
834,2130706433,0,admin_login,"2014-10-24 13:24:26",login,"a:1:{s:7:""general"";N;}",success,andrew.stayart,2,adminhtml_index_index,,127.0.0.1
835,2130706433,0,sales_orders,"2014-10-24 13:24:45",view,"a:2:{s:7:""general"";s:2:""21"";s:10:""additional"";a:1:{s:22:""Mage_Sales_Model_Order"";a:1:{i:21;a:1:{s:12:""increment_id"";s:9:""100000018"";}}}}",success,andrew.stayart,2,adminhtml_sales_order_view,,127.0.0.1
836,2130706433,0,cache_management,"2014-10-24 13:41:40",flush,"a:1:{s:7:""general"";N;}",success,andrew.stayart,2,adminhtml_cache_flushAll,,127.0.0.1
837,2130706433,0,cache_management,"2014-10-24 13:41:46",flush,"a:1:{s:7:""general"";N;}",success,andrew.stayart,2,adminhtml_cache_flushSystem,,127.0.0.1
838,2130706433,0,adminhtml_system_config,"2014-10-24 13:55:23",view,"a:1:{s:7:""general"";s:7:""general"";}",success,andrew.stayart,2,adminhtml_system_config_edit,,127.0.0.1
839,2130706433,0,adminhtml_system_config,"2014-10-24 13:55:27",view,"a:1:{s:7:""general"";s:3:""dev"";}",success,andrew.stayart,2,adminhtml_system_config_edit,,127.0.0.1
840,2130706433,0,adminhtml_system_config,"2014-10-24 13:55:32",save,"a:1:{s:7:""general"";s:3:""dev"";}",success,andrew.stayart,2,adminhtml_system_config_save,,127.0.0.1
841,2130706433,0,adminhtml_system_config,"2014-10-24 14:06:01",save,"a:1:{s:7:""general"";s:3:""dev"";}",success,andrew.stayart,2,adminhtml_system_config_save,,127.0.0.1
842,1145587202,0,admin_login,"2014-10-24 18:21:30",login,"a:1:{s:7:""general"";N;}",success,andrew.stayart,2,adminhtml_index_index,,68.72.70.2
843,1145587202,0,adminhtml_system_config,"2014-10-24 18:21:51",view,"a:1:{s:7:""general"";s:5:""sales"";}",success,andrew.stayart,2,adminhtml_system_config_edit,,68.72.70.2
844,1145587202,0,adminhtml_system_config,"2014-10-24 18:22:10",save,"a:1:{s:7:""general"";s:5:""sales"";}",success,andrew.stayart,2,adminhtml_system_config_save,,68.72.70.2
845,1145587202,0,admin_login,"2014-10-24 19:21:15",login,"a:1:{s:7:""general"";N;}",success,jordan.izsak,1,adminhtml_index_index,,68.72.70.2
846,1145587202,0,adminhtml_system_config,"2014-10-24 19:26:08",view,"a:1:{s:7:""general"";s:7:""payment"";}",success,andrew.stayart,2,adminhtml_system_config_edit,,68.72.70.2
847,1145587202,0,adminhtml_system_config,"2014-10-24 19:26:29",save,"a:1:{s:7:""general"";s:7:""payment"";}",success,andrew.stayart,2,adminhtml_system_config_save,,68.72.70.2
848,214445858,0,admin_login,"2014-10-27 12:53:18",login,"a:1:{s:7:""general"";N;}",success,bryan.bielefeldt,7,adminhtml_index_index,,12.200.47.34
849,214445858,0,adminhtml_system_backups,"2014-10-27 13:02:43",create,"a:1:{s:7:""general"";s:28:""1414414915_db_OCT27901EST.gz"";}",success,bryan.bielefeldt,7,adminhtml_system_backup_create,,12.200.47.34
850,1145587202,0,admin_login,"2014-10-27 13:02:43",login,"a:1:{s:7:""general"";N;}",success,andrew.stayart,2,adminhtml_index_index,,68.72.70.2
851,1145587202,0,adminhtml_system_config,"2014-10-27 13:03:08",view,"a:1:{s:7:""general"";s:5:""sales"";}",success,andrew.stayart,2,adminhtml_system_config_edit,,68.72.70.2
852,1145587202,0,adminhtml_system_config,"2014-10-27 13:03:22",view,"a:1:{s:7:""general"";s:7:""payment"";}",success,andrew.stayart,2,adminhtml_system_config_edit,,68.72.70.2
853,1145587202,0,admin_login,"2014-10-27 13:52:03",login,"a:1:{s:7:""general"";N;}",success,jordan.izsak,1,adminhtml_index_index,,68.72.70.2
854,1145587202,0,adminhtml_system_config,"2014-10-27 13:54:43",view,"a:1:{s:7:""general"";s:8:""webforms"";}",success,jordan.izsak,1,adminhtml_system_config_edit,,68.72.70.2
855,1145587202,0,adminhtml_system_config,"2014-10-27 13:59:53",view,"a:1:{s:7:""general"";s:3:""web"";}",success,jordan.izsak,1,adminhtml_system_config_edit,,68.72.70.2
856,1145587202,0,adminhtml_system_config,"2014-10-27 13:59:59",view,"a:1:{s:7:""general"";s:6:""design"";}",success,jordan.izsak,1,adminhtml_system_config_edit,,68.72.70.2
857,1145587202,0,adminhtml_system_config,"2014-10-27 14:00:39",save,"a:1:{s:7:""general"";s:6:""design"";}",success,jordan.izsak,1,adminhtml_system_config_save,,68.72.70.2
858,1145587202,0,adminhtml_system_config,"2014-10-27 14:03:13",view,"a:1:{s:7:""general"";s:8:""webforms"";}",success,jordan.izsak,1,adminhtml_system_config_edit,,68.72.70.2
859,1145587202,0,adminhtml_system_config,"2014-10-27 14:04:27",save,"a:1:{s:7:""general"";s:8:""webforms"";}",success,jordan.izsak,1,adminhtml_system_config_save,,68.72.70.2
860,1145587202,0,adminhtml_system_config,"2014-10-27 14:04:38",view,"a:1:{s:7:""general"";s:5:""oauth"";}",success,jordan.izsak,1,adminhtml_system_config_edit,,68.72.70.2
861,1145587202,0,adminhtml_system_config,"2014-10-27 14:04:46",view,"a:1:{s:7:""general"";s:3:""api"";}",success,jordan.izsak,1,adminhtml_system_config_edit,,68.72.70.2
862,1145587202,0,adminhtml_system_config,"2014-10-27 14:29:20",view,"a:1:{s:7:""general"";s:5:""admin"";}",success,jordan.izsak,1,adminhtml_system_config_edit,,68.72.70.2
863,1145587202,0,catalog_products,"2014-10-27 14:29:51",view,"a:1:{s:7:""general"";s:5:""41348"";}",success,jordan.izsak,1,adminhtml_catalog_product_edit,,68.72.70.2
864,2130706433,0,adminhtml_system_config,"2014-10-27 15:22:47",view,"a:1:{s:7:""general"";s:7:""payment"";}",success,andrew.stayart,2,adminhtml_system_config_edit,,127.0.0.1
865,2130706433,0,adminhtml_system_config,"2014-10-27 15:25:29",save,"a:1:{s:7:""general"";s:7:""payment"";}",success,andrew.stayart,2,adminhtml_system_config_save,,127.0.0.1
866,1145587202,0,adminhtml_system_config,"2014-10-27 18:20:06",view,"a:1:{s:7:""general"";s:11:""sales_email"";}",success,jordan.izsak,1,adminhtml_system_config_edit,,68.72.70.2
867,1145587202,0,adminhtml_system_config,"2014-10-27 18:22:00",save,"a:1:{s:7:""general"";s:11:""sales_email"";}",success,jordan.izsak,1,adminhtml_system_config_save,,68.72.70.2
868,1145587202,0,adminhtml_system_config,"2014-10-27 18:22:11",view,"a:1:{s:7:""general"";s:6:""design"";}",success,jordan.izsak,1,adminhtml_system_config_edit,,68.72.70.2
869,1145587202,0,adminhtml_system_config,"2014-10-27 18:25:26",view,"a:1:{s:7:""general"";s:7:""general"";}",success,jordan.izsak,1,adminhtml_system_config_edit,,68.72.70.2
870,1145587202,0,adminhtml_system_config,"2014-10-27 18:25:27",view,"a:1:{s:7:""general"";s:3:""web"";}",success,jordan.izsak,1,adminhtml_system_config_edit,,68.72.70.2
871,214445858,0,admin_login,"2014-10-27 18:29:26",login,"a:1:{s:7:""general"";N;}",success,bryan.bielefeldt,7,adminhtml_catalog_product_attribute_index,,12.200.47.34
872,214445858,0,catalog_attributes,"2014-10-27 18:29:34",view,"a:1:{s:7:""general"";s:3:""175"";}",success,bryan.bielefeldt,7,adminhtml_catalog_product_attribute_edit,,12.200.47.34
873,214445858,0,catalog_attributes,"2014-10-27 18:30:31",save,"a:1:{s:7:""general"";s:3:""175"";}",success,bryan.bielefeldt,7,adminhtml_catalog_product_attribute_save,,12.200.47.34
874,214445858,0,catalog_attributes,"2014-10-27 18:31:19",save,"a:1:{s:7:""general"";s:3:""174"";}",success,bryan.bielefeldt,7,adminhtml_catalog_product_attribute_save,,12.200.47.34
875,2130706433,0,admin_login,"2014-10-27 21:46:20",login,"a:1:{s:7:""general"";N;}",success,andrew.stayart,2,adminhtml_index_index,,127.0.0.1
876,2130706433,0,catalog_attributes,"2014-10-27 21:46:37",view,"a:1:{s:7:""general"";s:3:""174"";}",success,andrew.stayart,2,adminhtml_catalog_product_attribute_edit,,127.0.0.1
877,2130706433,0,catalog_attributes,"2014-10-27 21:46:53",save,"a:1:{s:7:""general"";s:3:""174"";}",success,andrew.stayart,2,adminhtml_catalog_product_attribute_save,,127.0.0.1
878,2130706433,0,cache_management,"2014-10-27 21:46:59",flush,"a:1:{s:7:""general"";N;}",success,andrew.stayart,2,adminhtml_cache_flushSystem,,127.0.0.1
879,2130706433,0,index_management,"2014-10-27 21:47:09",reindex_process,"a:1:{s:7:""general"";i:1;}",success,andrew.stayart,2,adminhtml_process_reindexProcess,,127.0.0.1
880,2130706433,0,cache_management,"2014-10-27 21:47:38",flush,"a:1:{s:7:""general"";N;}",success,andrew.stayart,2,adminhtml_cache_flushAll,,127.0.0.1
881,2130706433,0,cache_management,"2014-10-27 21:47:43",flush,"a:1:{s:7:""general"";N;}",success,andrew.stayart,2,adminhtml_cache_flushSystem,,127.0.0.1
882,2130706433,0,catalog_attributes,"2014-10-27 21:48:42",save,"a:1:{s:7:""general"";s:3:""174"";}",success,andrew.stayart,2,adminhtml_catalog_product_attribute_save,,127.0.0.1
883,2130706433,0,cache_management,"2014-10-27 21:48:50",flush,"a:1:{s:7:""general"";N;}",success,andrew.stayart,2,adminhtml_cache_flushAll,,127.0.0.1
884,2130706433,0,cache_management,"2014-10-27 21:48:55",flush,"a:1:{s:7:""general"";N;}",success,andrew.stayart,2,adminhtml_cache_flushSystem,,127.0.0.1
885,2130706433,0,index_management,"2014-10-27 21:49:04",reindex_process,"a:1:{s:7:""general"";i:1;}",success,andrew.stayart,2,adminhtml_process_reindexProcess,,127.0.0.1
886,2130706433,0,cache_management,"2014-10-27 21:58:34",flush,"a:1:{s:7:""general"";N;}",success,andrew.stayart,2,adminhtml_cache_flushSystem,,127.0.0.1
887,2130706433,0,cache_management,"2014-10-27 21:58:40",flush,"a:1:{s:7:""general"";N;}",success,andrew.stayart,2,adminhtml_cache_flushAll,,127.0.0.1
888,2130706433,0,cache_management,"2014-10-27 22:05:07",flush,"a:1:{s:7:""general"";N;}",success,andrew.stayart,2,adminhtml_cache_flushAll,,127.0.0.1
889,2130706433,0,cache_management,"2014-10-27 22:05:13",flush,"a:1:{s:7:""general"";N;}",success,andrew.stayart,2,adminhtml_cache_flushSystem,,127.0.0.1
890,1145587202,0,admin_login,"2014-10-27 22:24:10",login,"a:1:{s:7:""general"";N;}",failure,adam.winer,5,adminhtml_index_index,,68.72.70.2
891,1145587202,0,admin_login,"2014-10-27 22:24:17",login,"a:1:{s:7:""general"";N;}",failure,adam.winer,5,adminhtml_index_index,,68.72.70.2
892,1145587202,0,admin_login,"2014-10-27 22:24:30",login,"a:1:{s:7:""general"";N;}",failure,adam.winer,5,adminhtml_index_index,,68.72.70.2
893,1145587202,0,admin_login,"2014-10-27 22:29:24",login,"a:1:{s:7:""general"";N;}",failure,adam.winer,5,adminhtml_index_index,,68.72.70.2
894,1145587202,0,admin_login,"2014-10-28 13:23:55",login,"a:1:{s:7:""general"";N;}",failure,andrew.stayart,2,adminhtml_index_index,,68.72.70.2
895,1145587202,0,admin_login,"2014-10-28 13:24:03",login,"a:1:{s:7:""general"";N;}",success,andrew.stayart,2,adminhtml_index_index,,68.72.70.2
896,1145587202,0,cache_management,"2014-10-28 13:24:13",flush,"a:1:{s:7:""general"";N;}",success,andrew.stayart,2,adminhtml_cache_flushAll,,68.72.70.2
897,1145587202,0,cache_management,"2014-10-28 13:24:16",flush,"a:1:{s:7:""general"";N;}",success,andrew.stayart,2,adminhtml_cache_flushSystem,,68.72.70.2
898,1145587202,0,cache_management,"2014-10-28 13:24:23",save,"a:1:{s:7:""general"";s:105:""Cache types: config, layout, block_html, translate, collections, eav, config_api, config_api2, full_page "";}",success,andrew.stayart,2,adminhtml_cache_massEnable,,68.72.70.2
899,1145587202,0,index_management,"2014-10-28 13:28:00",view,"a:1:{s:7:""general"";s:1:""1"";}",success,andrew.stayart,2,adminhtml_process_edit,,68.72.70.2
900,1145587202,0,index_management,"2014-10-28 13:28:09",reindex_process,"a:1:{s:7:""general"";i:1;}",success,andrew.stayart,2,adminhtml_process_reindexProcess,,68.72.70.2
901,1145587202,0,cache_management,"2014-10-28 13:29:39",flush,"a:1:{s:7:""general"";N;}",success,andrew.stayart,2,adminhtml_cache_flushAll,,68.72.70.2
902,1145587202,0,cache_management,"2014-10-28 13:29:41",flush,"a:1:{s:7:""general"";N;}",success,andrew.stayart,2,adminhtml_cache_flushSystem,,68.72.70.2
903,1145587202,0,cache_management,"2014-10-28 13:29:44",clean,"a:1:{s:7:""general"";N;}",success,andrew.stayart,2,adminhtml_cache_cleanImages,,68.72.70.2
904,1145587202,0,cache_management,"2014-10-28 13:29:48",clean,"a:1:{s:7:""general"";N;}",success,andrew.stayart,2,adminhtml_cache_cleanMedia,,68.72.70.2
905,1145587202,0,cache_management,"2014-10-28 13:29:55",save,"a:1:{s:7:""general"";s:105:""Cache types: config, layout, block_html, translate, collections, eav, config_api, config_api2, full_page "";}",success,andrew.stayart,2,adminhtml_cache_massRefresh,,68.72.70.2
906,1145587202,0,catalog_products,"2014-10-28 13:30:31",massDelete,"a:1:{s:7:""general"";s:5:""41349"";}",success,andrew.stayart,2,adminhtml_catalog_product_massDelete,,68.72.70.2
907,1145587202,0,index_management,"2014-10-28 13:30:41",massUpdate,"a:1:{s:7:""general"";s:4:""1, 9"";}",success,andrew.stayart,2,adminhtml_process_massReindex,,68.72.70.2
908,1145587202,0,cache_management,"2014-10-28 13:30:51",flush,"a:1:{s:7:""general"";N;}",success,andrew.stayart,2,adminhtml_cache_flushAll,,68.72.70.2
909,1145587202,0,cache_management,"2014-10-28 13:30:53",flush,"a:1:{s:7:""general"";N;}",success,andrew.stayart,2,adminhtml_cache_flushSystem,,68.72.70.2
910,1145587202,0,cache_management,"2014-10-28 13:30:57",save,"a:1:{s:7:""general"";s:105:""Cache types: config, layout, block_html, translate, collections, eav, config_api, config_api2, full_page "";}",success,andrew.stayart,2,adminhtml_cache_massRefresh,,68.72.70.2
911,1145587202,0,admin_login,"2014-10-28 14:14:56",login,"a:1:{s:7:""general"";N;}",failure,adam.winer,5,adminhtml_index_index,,68.72.70.2
912,1145587202,0,admin_login,"2014-10-28 14:15:03",forgotpassword,"a:1:{s:7:""general"";s:28:""adam.winer@americaneagle.com"";}",success,,,adminhtml_index_forgotpassword,,68.72.70.2
913,1145587202,0,admin_login,"2014-10-28 14:17:31",login,"a:1:{s:7:""general"";N;}",failure,adam.winer,5,adminhtml_index_login,,68.72.70.2
914,1145587202,0,admin_login,"2014-10-28 14:18:09",login,"a:1:{s:7:""general"";N;}",failure,adam.winer,5,adminhtml_index_index,,68.72.70.2
915,1145587202,0,admin_login,"2014-10-28 14:27:27",login,"a:1:{s:7:""general"";N;}",failure,adam.winer,5,adminhtml_index_login,,68.72.70.2
916,1145587202,0,adminhtml_system_account,"2014-10-28 14:32:07",view,"a:1:{s:7:""general"";s:1:""2"";}",success,andrew.stayart,2,adminhtml_system_account_index,,68.72.70.2
917,1145587202,0,admin_login,"2014-10-28 14:38:03",login,"a:1:{s:7:""general"";N;}",failure,adam.winer,5,adminhtml_index_index,,68.72.70.2
918,1145587202,0,admin_login,"2014-10-28 14:38:25",login,"a:1:{s:7:""general"";N;}",failure,adam.winer,5,adminhtml_index_index,,68.72.70.2
919,1145587202,0,admin_login,"2014-10-28 15:10:14",login,"a:1:{s:7:""general"";N;}",failure,adam.winer,5,adminhtml_index_index,,68.72.70.2
920,1145587202,0,admin_login,"2014-10-28 16:17:40",login,"a:1:{s:7:""general"";N;}",success,jordan.izsak,1,adminhtml_index_index,,68.72.70.2
921,1145587202,0,adminhtml_permission_users,"2014-10-28 16:19:06",view,"a:1:{s:7:""general"";s:1:""5"";}",success,jordan.izsak,1,adminhtml_permissions_user_edit,,68.72.70.2
922,1145587202,0,adminhtml_permission_users,"2014-10-28 16:19:14",save,"a:1:{s:7:""general"";s:1:""5"";}",success,jordan.izsak,1,adminhtml_permissions_user_save,,68.72.70.2
923,1145587202,0,adminhtml_permission_users,"2014-10-28 16:19:17",view,"a:1:{s:7:""general"";s:1:""5"";}",success,jordan.izsak,1,adminhtml_permissions_user_edit,,68.72.70.2
924,1145587202,0,adminhtml_permission_users,"2014-10-28 16:19:24",save,"a:1:{s:7:""general"";s:1:""5"";}",success,jordan.izsak,1,adminhtml_permissions_user_save,,68.72.70.2
925,2130706433,0,admin_login,"2014-10-28 16:31:22",login,"a:1:{s:7:""general"";N;}",success,adam.winer,5,adminhtml_index_index,,127.0.0.1
926,1145587202,0,cache_management,"2014-10-28 18:00:55",save,"a:1:{s:7:""general"";s:105:""Cache types: config, layout, block_html, translate, collections, eav, config_api, config_api2, full_page "";}",success,andrew.stayart,2,adminhtml_cache_massDisable,,68.72.70.2
927,1145587202,0,cache_management,"2014-10-28 18:00:59",flush,"a:1:{s:7:""general"";N;}",success,andrew.stayart,2,adminhtml_cache_flushAll,,68.72.70.2
928,1145587202,0,cache_management,"2014-10-28 18:01:02",flush,"a:1:{s:7:""general"";N;}",success,andrew.stayart,2,adminhtml_cache_flushSystem,,68.72.70.2
929,1145587202,0,cache_management,"2014-10-28 18:01:39",flush,"a:1:{s:7:""general"";N;}",success,andrew.stayart,2,adminhtml_cache_flushSystem,,68.72.70.2
930,1145587202,0,cache_management,"2014-10-28 18:01:46",flush,"a:1:{s:7:""general"";N;}",success,andrew.stayart,2,adminhtml_cache_flushSystem,,68.72.70.2
931,1145587202,0,cache_management,"2014-10-28 18:01:51",flush,"a:1:{s:7:""general"";N;}",success,andrew.stayart,2,adminhtml_cache_flushAll,,68.72.70.2
932,1145587202,0,admin_login,"2014-10-28 18:02:32",login,"a:1:{s:7:""general"";N;}",failure,adam.winer,5,adminhtml_index_index,,68.72.70.2
933,1145587202,0,cache_management,"2014-10-28 18:02:35",save,"a:1:{s:7:""general"";s:105:""Cache types: config, layout, block_html, translate, collections, eav, config_api, config_api2, full_page "";}",success,andrew.stayart,2,adminhtml_cache_massEnable,,68.72.70.2
934,1145587202,0,admin_login,"2014-10-28 18:02:37",login,"a:1:{s:7:""general"";N;}",success,adam.winer,5,adminhtml_index_index,,68.72.70.2
935,1145587202,0,index_management,"2014-10-28 18:07:18",massUpdate,"a:1:{s:7:""general"";s:4:""1, 9"";}",success,andrew.stayart,2,adminhtml_process_massReindex,,68.72.70.2
936,1145587202,0,cache_management,"2014-10-28 18:07:24",save,"a:1:{s:7:""general"";s:105:""Cache types: config, layout, block_html, translate, collections, eav, config_api, config_api2, full_page "";}",success,andrew.stayart,2,adminhtml_cache_massRefresh,,68.72.70.2
937,1145587202,0,cache_management,"2014-10-28 18:07:27",flush,"a:1:{s:7:""general"";N;}",success,andrew.stayart,2,adminhtml_cache_flushAll,,68.72.70.2
938,1145587202,0,cache_management,"2014-10-28 18:07:30",flush,"a:1:{s:7:""general"";N;}",success,andrew.stayart,2,adminhtml_cache_flushSystem,,68.72.70.2
939,1145587202,0,adminhtml_system_config,"2014-10-28 18:11:18",view,"a:1:{s:7:""general"";s:6:""design"";}",success,adam.winer,5,adminhtml_system_config_edit,,68.72.70.2
940,1145587202,0,adminhtml_system_config,"2014-10-28 18:11:49",view,"a:1:{s:7:""general"";s:7:""general"";}",success,adam.winer,5,adminhtml_system_config_edit,,68.72.70.2
941,1145587202,0,adminhtml_system_config,"2014-10-28 18:11:52",view,"a:1:{s:7:""general"";s:6:""design"";}",success,adam.winer,5,adminhtml_system_config_edit,,68.72.70.2
942,1145587202,0,adminhtml_system_config,"2014-10-28 18:16:44",save,"a:1:{s:7:""general"";s:6:""design"";}",success,adam.winer,5,adminhtml_system_config_save,,68.72.70.2
943,1145587202,0,adminhtml_system_config,"2014-10-28 18:16:57",view,"a:1:{s:7:""general"";s:6:""design"";}",success,adam.winer,5,adminhtml_system_config_edit,,68.72.70.2
944,2130706433,0,adminhtml_system_config,"2014-10-28 18:17:33",view,"a:1:{s:7:""general"";s:6:""design"";}",success,adam.winer,5,adminhtml_system_config_edit,,127.0.0.1
945,1145587202,0,adminhtml_system_config,"2014-10-28 18:17:53",view,"a:1:{s:7:""general"";s:7:""general"";}",success,adam.winer,5,adminhtml_system_config_edit,,68.72.70.2
946,1145587202,0,adminhtml_system_config,"2014-10-28 18:17:55",view,"a:1:{s:7:""general"";s:6:""design"";}",success,adam.winer,5,adminhtml_system_config_edit,,68.72.70.2
947,2130706433,0,adminhtml_system_config,"2014-10-28 18:21:28",view,"a:1:{s:7:""general"";s:6:""design"";}",success,adam.winer,5,adminhtml_system_config_edit,,127.0.0.1
948,1145587202,0,adminhtml_system_config,"2014-10-28 18:21:49",view,"a:1:{s:7:""general"";s:6:""design"";}",success,adam.winer,5,adminhtml_system_config_edit,,68.72.70.2
949,1145587202,0,catalog_products,"2014-10-28 18:32:39",view,"a:1:{s:7:""general"";s:5:""22926"";}",success,jordan.izsak,1,adminhtml_catalog_product_edit,,68.72.70.2
950,1145587202,0,enterprise_cms_hierarchy,"2014-10-28 18:32:55",view,"a:1:{s:7:""general"";s:11:""Tree Viewed"";}",success,jordan.izsak,1,adminhtml_cms_hierarchy_index,,68.72.70.2
951,1145587202,0,cms_pages,"2014-10-28 18:50:19",view,"a:1:{s:7:""general"";s:1:""2"";}",success,adam.winer,5,adminhtml_cms_page_edit,,68.72.70.2
952,214445858,0,admin_login,"2014-10-28 19:16:42",login,"a:1:{s:7:""general"";N;}",success,bryan.bielefeldt,7,adminhtml_index_index,,12.200.47.34
953,214445858,0,adminhtml_system_backups,"2014-10-28 19:18:16",create,"a:1:{s:7:""general"";s:34:""1414523826_snapshot_OCT28317PM.tgz"";}",success,bryan.bielefeldt,7,adminhtml_system_backup_create,,12.200.47.34
954,214445858,0,adminhtml_system_backups,"2014-10-28 19:21:59",create,"a:1:{s:7:""general"";s:27:""1414524072_db_OCT28319PM.gz"";}",success,bryan.bielefeldt,7,adminhtml_system_backup_create,,12.200.47.34
955,1145587202,0,cache_management,"2014-10-28 19:24:50",flush,"a:1:{s:7:""general"";N;}",success,andrew.stayart,2,adminhtml_cache_flushAll,,68.72.70.2
956,1145587202,0,cache_management,"2014-10-28 19:24:53",flush,"a:1:{s:7:""general"";N;}",success,andrew.stayart,2,adminhtml_cache_flushSystem,,68.72.70.2
957,1145587202,0,cache_management,"2014-10-28 19:25:01",flush,"a:1:{s:7:""general"";N;}",success,andrew.stayart,2,adminhtml_cache_flushSystem,,68.72.70.2
958,1145587202,0,index_management,"2014-10-28 19:25:11",massUpdate,"a:1:{s:7:""general"";s:4:""1, 9"";}",success,andrew.stayart,2,adminhtml_process_massReindex,,68.72.70.2
959,1145587202,0,admin_login,"2014-10-29 12:18:02",login,"a:1:{s:7:""general"";N;}",success,jordan.izsak,1,adminhtml_index_index,,68.72.70.2
960,2130706433,0,admin_login,"2014-10-29 13:11:14",login,"a:1:{s:7:""general"";N;}",failure,andrew.stayart,2,adminhtml_index_index,,127.0.0.1
961,2130706433,0,admin_login,"2014-10-29 13:11:19",login,"a:1:{s:7:""general"";N;}",success,andrew.stayart,2,adminhtml_index_index,,127.0.0.1
962,2130706433,0,cms_pages,"2014-10-29 13:11:36",view,"a:1:{s:7:""general"";s:1:""2"";}",success,andrew.stayart,2,adminhtml_cms_page_edit,,127.0.0.1
963,2130706433,0,cache_management,"2014-10-29 13:38:10",flush,"a:1:{s:7:""general"";N;}",success,andrew.stayart,2,adminhtml_cache_flushAll,,127.0.0.1
964,1145587202,0,admin_login,"2014-10-29 13:41:42",login,"a:1:{s:7:""general"";N;}",success,andrew.stayart,2,adminhtml_index_index,,68.72.70.2
965,1145587202,0,cache_management,"2014-10-29 13:41:50",flush,"a:1:{s:7:""general"";N;}",success,andrew.stayart,2,adminhtml_cache_flushAll,,68.72.70.2
966,1145587202,0,cache_management,"2014-10-29 13:41:53",flush,"a:1:{s:7:""general"";N;}",success,andrew.stayart,2,adminhtml_cache_flushSystem,,68.72.70.2
967,1145587202,0,cache_management,"2014-10-29 13:42:02",save,"a:1:{s:7:""general"";s:105:""Cache types: config, layout, block_html, translate, collections, eav, config_api, config_api2, full_page "";}",success,andrew.stayart,2,adminhtml_cache_massRefresh,,68.72.70.2
968,1145587202,0,cache_management,"2014-10-29 13:42:25",flush,"a:1:{s:7:""general"";N;}",success,andrew.stayart,2,adminhtml_cache_flushAll,,68.72.70.2
969,1145587202,0,cache_management,"2014-10-29 13:42:28",flush,"a:1:{s:7:""general"";N;}",success,andrew.stayart,2,adminhtml_cache_flushSystem,,68.72.70.2
970,1145587202,0,adminhtml_system_config,"2014-10-29 14:45:40",view,"a:1:{s:7:""general"";s:3:""web"";}",success,andrew.stayart,2,adminhtml_system_config_edit,,68.72.70.2
971,1145587202,0,adminhtml_system_config,"2014-10-29 14:46:09",save,"a:1:{s:7:""general"";s:3:""web"";}",success,andrew.stayart,2,adminhtml_system_config_save,,68.72.70.2
972,1145587202,0,cache_management,"2014-10-29 14:46:17",flush,"a:1:{s:7:""general"";N;}",success,andrew.stayart,2,adminhtml_cache_flushAll,,68.72.70.2
973,1145587202,0,cache_management,"2014-10-29 14:46:20",flush,"a:1:{s:7:""general"";N;}",success,andrew.stayart,2,adminhtml_cache_flushSystem,,68.72.70.2
974,1145587202,0,cache_management,"2014-10-29 14:46:24",save,"a:1:{s:7:""general"";s:105:""Cache types: config, layout, block_html, translate, collections, eav, config_api, config_api2, full_page "";}",success,andrew.stayart,2,adminhtml_cache_massRefresh,,68.72.70.2
975,1145587202,0,adminhtml_system_config,"2014-10-29 14:52:53",view,"a:1:{s:7:""general"";s:3:""web"";}",success,andrew.stayart,2,adminhtml_system_config_edit,,68.72.70.2
976,214445858,0,admin_login,"2014-10-29 15:00:51",login,"a:1:{s:7:""general"";N;}",success,bryan.bielefeldt,7,adminhtml_system_backup_index,,12.200.47.34
977,1145587202,0,admin_login,"2014-10-29 19:24:56",login,"a:1:{s:7:""general"";N;}",success,jordan.izsak,1,adminhtml_system_email_template_index,,68.72.70.2
978,1145587202,0,adminhtml_system_config,"2014-10-29 19:28:34",save,"a:1:{s:7:""general"";s:7:""general"";}",success,jordan.izsak,1,adminhtml_system_config_save,,68.72.70.2
979,1145587202,0,adminhtml_system_config,"2014-10-29 19:28:37",view,"a:1:{s:7:""general"";s:3:""web"";}",success,jordan.izsak,1,adminhtml_system_config_edit,,68.72.70.2
980,1145587202,0,adminhtml_system_config,"2014-10-29 19:29:39",view,"a:1:{s:7:""general"";s:11:""trans_email"";}",success,jordan.izsak,1,adminhtml_system_config_edit,,68.72.70.2
981,1145587202,0,adminhtml_system_config,"2014-10-29 19:29:54",view,"a:1:{s:7:""general"";s:7:""general"";}",success,jordan.izsak,1,adminhtml_system_config_edit,,68.72.70.2
982,1145587202,0,adminhtml_system_config,"2014-10-29 19:30:00",view,"a:1:{s:7:""general"";s:3:""web"";}",success,jordan.izsak,1,adminhtml_system_config_edit,,68.72.70.2
983,1145587202,0,adminhtml_system_config,"2014-10-29 19:30:02",view,"a:1:{s:7:""general"";s:6:""design"";}",success,jordan.izsak,1,adminhtml_system_config_edit,,68.72.70.2
984,1145587202,0,adminhtml_system_config,"2014-10-29 19:30:06",view,"a:1:{s:7:""general"";s:11:""trans_email"";}",success,jordan.izsak,1,adminhtml_system_config_edit,,68.72.70.2
985,1145587202,0,adminhtml_system_config,"2014-10-29 19:31:11",view,"a:1:{s:7:""general"";s:11:""sales_email"";}",success,jordan.izsak,1,adminhtml_system_config_edit,,68.72.70.2
986,1145587202,0,adminhtml_system_config,"2014-10-29 19:31:50",save,"a:1:{s:7:""general"";s:11:""sales_email"";}",success,jordan.izsak,1,adminhtml_system_config_save,,68.72.70.2
987,1145587202,0,adminhtml_system_config,"2014-10-29 19:32:53",save,"a:1:{s:7:""general"";s:11:""sales_email"";}",success,jordan.izsak,1,adminhtml_system_config_save,,68.72.70.2
988,1145587202,0,adminhtml_system_config,"2014-10-29 19:33:06",save,"a:1:{s:7:""general"";s:11:""sales_email"";}",success,jordan.izsak,1,adminhtml_system_config_save,,68.72.70.2
989,1145587202,0,adminhtml_system_config,"2014-10-29 19:33:22",save,"a:1:{s:7:""general"";s:11:""sales_email"";}",success,jordan.izsak,1,adminhtml_system_config_save,,68.72.70.2
990,1145587202,0,adminhtml_system_config,"2014-10-29 19:33:33",save,"a:1:{s:7:""general"";s:11:""sales_email"";}",success,jordan.izsak,1,adminhtml_system_config_save,,68.72.70.2
991,1145587202,0,adminhtml_system_config,"2014-10-29 19:33:51",save,"a:1:{s:7:""general"";s:11:""sales_email"";}",success,jordan.izsak,1,adminhtml_system_config_save,,68.72.70.2
992,1145587202,0,adminhtml_system_config,"2014-10-29 19:34:04",view,"a:1:{s:7:""general"";s:6:""design"";}",success,jordan.izsak,1,adminhtml_system_config_edit,,68.72.70.2
993,1145587202,0,adminhtml_system_config,"2014-10-29 19:34:09",view,"a:1:{s:7:""general"";s:11:""trans_email"";}",success,jordan.izsak,1,adminhtml_system_config_edit,,68.72.70.2
994,1145587202,0,adminhtml_system_config,"2014-10-29 19:34:52",save,"a:1:{s:7:""general"";s:11:""trans_email"";}",success,jordan.izsak,1,adminhtml_system_config_save,,68.72.70.2
995,1145587202,0,adminhtml_system_email_template,"2014-10-29 19:35:10",save,"a:1:{s:7:""general"";s:1:""1"";}",success,jordan.izsak,1,adminhtml_system_email_template_save,,68.72.70.2
996,1145587202,0,adminhtml_system_config,"2014-10-29 19:35:27",view,"a:1:{s:7:""general"";s:11:""sales_email"";}",success,jordan.izsak,1,adminhtml_system_config_edit,,68.72.70.2
997,1145587202,0,adminhtml_system_config,"2014-10-29 19:35:38",save,"a:1:{s:7:""general"";s:11:""sales_email"";}",success,jordan.izsak,1,adminhtml_system_config_save,,68.72.70.2
998,1145587202,0,adminhtml_system_config,"2014-10-29 19:35:46",save,"a:1:{s:7:""general"";s:11:""trans_email"";}",success,jordan.izsak,1,adminhtml_system_config_save,,68.72.70.2
999,1145587202,0,adminhtml_system_email_template,"2014-10-29 19:41:21",edit,"a:1:{s:7:""general"";s:1:""1"";}",success,jordan.izsak,1,adminhtml_system_email_template_edit,,68.72.70.2
1000,1145587202,0,adminhtml_system_config,"2014-10-29 19:42:20",view,"a:1:{s:7:""general"";s:6:""design"";}",success,jordan.izsak,1,adminhtml_system_config_edit,,68.72.70.2
1001,1145587202,0,adminhtml_system_config,"2014-10-29 19:42:26",view,"a:1:{s:7:""general"";s:11:""trans_email"";}",success,jordan.izsak,1,adminhtml_system_config_edit,,68.72.70.2
1002,1145587202,0,adminhtml_system_config,"2014-10-29 19:43:21",view,"a:1:{s:7:""general"";s:11:""sales_email"";}",success,jordan.izsak,1,adminhtml_system_config_edit,,68.72.70.2
1003,1145587202,0,adminhtml_system_config,"2014-10-29 19:43:29",view,"a:1:{s:7:""general"";s:11:""trans_email"";}",success,jordan.izsak,1,adminhtml_system_config_edit,,68.72.70.2
1004,1145587202,0,adminhtml_system_config,"2014-10-29 19:44:27",view,"a:1:{s:7:""general"";s:7:""general"";}",success,jordan.izsak,1,adminhtml_system_config_edit,,68.72.70.2
1005,1145587202,0,adminhtml_system_config,"2014-10-29 19:45:02",view,"a:1:{s:7:""general"";s:3:""web"";}",success,jordan.izsak,1,adminhtml_system_config_edit,,68.72.70.2
1006,1145587202,0,adminhtml_system_config,"2014-10-29 19:45:09",view,"a:1:{s:7:""general"";s:6:""design"";}",success,jordan.izsak,1,adminhtml_system_config_edit,,68.72.70.2
1007,1145587202,0,adminhtml_system_config,"2014-10-29 19:45:20",view,"a:1:{s:7:""general"";s:11:""trans_email"";}",success,jordan.izsak,1,adminhtml_system_config_edit,,68.72.70.2
1008,1145587202,0,adminhtml_system_email_template,"2014-10-29 19:45:57",save,"a:1:{s:7:""general"";s:1:""1"";}",success,jordan.izsak,1,adminhtml_system_email_template_save,,68.72.70.2
1009,1145587202,0,adminhtml_system_email_template,"2014-10-29 19:46:00",edit,"a:1:{s:7:""general"";s:1:""1"";}",success,jordan.izsak,1,adminhtml_system_email_template_edit,,68.72.70.2
1010,1145587202,0,adminhtml_system_config,"2014-10-29 19:46:59",save,"a:1:{s:7:""general"";s:11:""trans_email"";}",success,jordan.izsak,1,adminhtml_system_config_save,,68.72.70.2
1011,1145587202,0,adminhtml_system_config,"2014-10-29 19:47:05",view,"a:1:{s:7:""general"";s:11:""sales_email"";}",success,jordan.izsak,1,adminhtml_system_config_edit,,68.72.70.2
1012,1145587202,0,adminhtml_system_config,"2014-10-29 19:47:12",save,"a:1:{s:7:""general"";s:11:""sales_email"";}",success,jordan.izsak,1,adminhtml_system_config_save,,68.72.70.2
1013,1145587202,0,admin_login,"2014-10-30 12:18:13",login,"a:1:{s:7:""general"";N;}",success,jordan.izsak,1,adminhtml_index_index,,68.72.70.2
1014,214445858,0,admin_login,"2014-10-30 14:59:10",login,"a:1:{s:7:""general"";N;}",success,bryan.bielefeldt,7,adminhtml_index_index,,12.200.47.34
1015,214445858,0,cms_pages,"2014-10-30 15:20:58",view,"a:1:{s:7:""general"";s:1:""3"";}",success,bryan.bielefeldt,7,adminhtml_cms_page_edit,,12.200.47.34
1016,214445858,0,cms_pages,"2014-10-30 15:36:42",save,"a:1:{s:7:""general"";s:2:""10"";}",success,bryan.bielefeldt,7,adminhtml_cms_page_save,,12.200.47.34
1017,214445858,0,cms_pages,"2014-10-30 16:04:40",view,"a:1:{s:7:""general"";s:1:""4"";}",success,bryan.bielefeldt,7,adminhtml_cms_page_edit,,12.200.47.34
1018,214445858,0,cms_pages,"2014-10-30 16:04:58",view,"a:1:{s:7:""general"";s:1:""6"";}",success,bryan.bielefeldt,7,adminhtml_cms_page_edit,,12.200.47.34
1019,214445858,0,cms_pages,"2014-10-30 16:05:14",save,"a:1:{s:7:""general"";s:1:""6"";}",success,bryan.bielefeldt,7,adminhtml_cms_page_save,,12.200.47.34
1020,214445858,0,cms_pages,"2014-10-30 16:05:53",view,"a:1:{s:7:""general"";s:1:""4"";}",success,bryan.bielefeldt,7,adminhtml_cms_page_edit,,12.200.47.34
1021,214445858,0,cms_pages,"2014-10-30 16:06:27",save,"a:1:{s:7:""general"";s:1:""4"";}",success,bryan.bielefeldt,7,adminhtml_cms_page_save,,12.200.47.34
1022,214445858,0,cms_pages,"2014-10-30 16:06:36",save,"a:1:{s:7:""general"";s:1:""4"";}",success,bryan.bielefeldt,7,adminhtml_cms_page_save,,12.200.47.34
1023,214445858,0,cache_management,"2014-10-30 16:06:47",flush,"a:1:{s:7:""general"";N;}",success,bryan.bielefeldt,7,adminhtml_cache_flushSystem,,12.200.47.34
1024,214445858,0,cache_management,"2014-10-30 16:06:51",flush,"a:1:{s:7:""general"";N;}",success,bryan.bielefeldt,7,adminhtml_cache_flushAll,,12.200.47.34
1025,214445858,0,cache_management,"2014-10-30 16:06:54",clean,"a:1:{s:7:""general"";N;}",success,bryan.bielefeldt,7,adminhtml_cache_cleanMedia,,12.200.47.34
1026,214445858,0,cache_management,"2014-10-30 16:06:56",clean,"a:1:{s:7:""general"";N;}",success,bryan.bielefeldt,7,adminhtml_cache_cleanImages,,12.200.47.34
1027,214445858,0,cms_pages,"2014-10-30 16:07:29",save,"a:1:{s:7:""general"";s:1:""4"";}",success,bryan.bielefeldt,7,adminhtml_cms_page_save,,12.200.47.34
1028,214445858,0,cms_pages,"2014-10-30 16:08:43",view,"a:1:{s:7:""general"";s:2:""10"";}",success,bryan.bielefeldt,7,adminhtml_cms_page_edit,,12.200.47.34
1029,1145587202,0,cms_pages,"2014-10-30 16:45:51",view,"a:1:{s:7:""general"";s:1:""3"";}",success,jordan.izsak,1,adminhtml_cms_page_edit,,68.72.70.2
1030,1145587202,0,cms_pages,"2014-10-30 16:46:27",view,"a:1:{s:7:""general"";s:1:""3"";}",success,jordan.izsak,1,adminhtml_cms_page_edit,,68.72.70.2
1031,1145587202,0,adminhtml_system_config,"2014-10-30 16:47:00",view,"a:1:{s:7:""general"";s:6:""design"";}",success,jordan.izsak,1,adminhtml_system_config_edit,,68.72.70.2
1032,1145587202,0,adminhtml_system_config,"2014-10-30 16:48:12",view,"a:1:{s:7:""general"";s:8:""advanced"";}",success,jordan.izsak,1,adminhtml_system_config_edit,,68.72.70.2
1033,1145587202,0,adminhtml_system_config,"2014-10-30 16:48:16",view,"a:1:{s:7:""general"";s:3:""dev"";}",success,jordan.izsak,1,adminhtml_system_config_edit,,68.72.70.2
1034,1145587202,0,adminhtml_system_config,"2014-10-30 16:48:24",view,"a:1:{s:7:""general"";s:16:""index_management"";}",success,jordan.izsak,1,adminhtml_system_config_edit,,68.72.70.2
1035,214445858,0,cms_pages,"2014-10-30 17:33:20",save,"a:1:{s:7:""general"";s:2:""11"";}",success,bryan.bielefeldt,7,adminhtml_cms_page_save,,12.200.47.34
1036,214445858,0,cms_pages,"2014-10-30 17:37:29",save,"a:1:{s:7:""general"";s:2:""12"";}",success,bryan.bielefeldt,7,adminhtml_cms_page_save,,12.200.47.34
1037,214445858,0,cms_pages,"2014-10-30 17:38:08",view,"a:1:{s:7:""general"";s:2:""10"";}",success,bryan.bielefeldt,7,adminhtml_cms_page_edit,,12.200.47.34
1038,214445858,0,cms_pages,"2014-10-30 17:38:14",save,"a:1:{s:7:""general"";s:2:""10"";}",success,bryan.bielefeldt,7,adminhtml_cms_page_save,,12.200.47.34
1039,1145587202,0,adminhtml_system_config,"2014-10-30 18:02:04",view,"a:1:{s:7:""general"";s:7:""payment"";}",success,jordan.izsak,1,adminhtml_system_config_edit,,68.72.70.2
1040,1145587202,0,admin_login,"2014-10-30 20:31:10",login,"a:1:{s:7:""general"";N;}",success,andrew.stayart,2,adminhtml_index_index,,68.72.70.2
1041,1145587202,0,cache_management,"2014-10-30 20:31:19",save,"a:1:{s:7:""general"";s:105:""Cache types: config, layout, block_html, translate, collections, eav, config_api, config_api2, full_page "";}",success,andrew.stayart,2,adminhtml_cache_massRefresh,,68.72.70.2
1042,1145587202,0,cache_management,"2014-10-30 20:31:21",flush,"a:1:{s:7:""general"";N;}",success,andrew.stayart,2,adminhtml_cache_flushAll,,68.72.70.2
1043,1145587202,0,cache_management,"2014-10-30 20:31:24",flush,"a:1:{s:7:""general"";N;}",success,andrew.stayart,2,adminhtml_cache_flushSystem,,68.72.70.2
1044,1145587202,0,adminhtml_system_config,"2014-10-30 20:31:43",view,"a:1:{s:7:""general"";s:8:""checkout"";}",success,andrew.stayart,2,adminhtml_system_config_edit,,68.72.70.2
1045,1145587202,0,adminhtml_system_config,"2014-10-30 20:31:54",save,"a:1:{s:7:""general"";s:8:""checkout"";}",success,andrew.stayart,2,adminhtml_system_config_save,,68.72.70.2
1046,1145587202,0,cache_management,"2014-10-30 20:32:02",save,"a:1:{s:7:""general"";s:105:""Cache types: config, layout, block_html, translate, collections, eav, config_api, config_api2, full_page "";}",success,andrew.stayart,2,adminhtml_cache_massRefresh,,68.72.70.2
1047,1145587202,0,cache_management,"2014-10-30 20:32:06",flush,"a:1:{s:7:""general"";N;}",success,andrew.stayart,2,adminhtml_cache_flushAll,,68.72.70.2
1048,1145587202,0,cache_management,"2014-10-30 20:32:08",flush,"a:1:{s:7:""general"";N;}",success,andrew.stayart,2,adminhtml_cache_flushSystem,,68.72.70.2
1049,1145587202,0,cache_management,"2014-10-30 20:32:11",clean,"a:1:{s:7:""general"";N;}",success,andrew.stayart,2,adminhtml_cache_cleanImages,,68.72.70.2
1050,1145587202,0,cache_management,"2014-10-30 20:32:13",clean,"a:1:{s:7:""general"";N;}",success,andrew.stayart,2,adminhtml_cache_cleanMedia,,68.72.70.2
1051,214445858,0,admin_login,"2014-10-31 13:18:12",login,"a:1:{s:7:""general"";N;}",success,bryan.bielefeldt,7,adminhtml_urlrewrite_index,,12.200.47.34
1052,1145587202,0,admin_login,"2014-10-31 13:32:40",login,"a:1:{s:7:""general"";N;}",success,jordan.izsak,1,adminhtml_index_index,,68.72.70.2
1053,1145587202,0,customer,"2014-10-31 13:42:54",massDelete,"a:1:{s:7:""general"";s:1:""1"";}",success,jordan.izsak,1,adminhtml_customer_massDelete,,68.72.70.2
1054,1145587202,0,adminhtml_system_config,"2014-10-31 13:45:24",view,"a:1:{s:7:""general"";s:7:""payment"";}",success,jordan.izsak,1,adminhtml_system_config_edit,,68.72.70.2
1055,1145587202,0,adminhtml_system_config,"2014-10-31 13:45:47",save,"a:1:{s:7:""general"";s:7:""payment"";}",success,jordan.izsak,1,adminhtml_system_config_save,,68.72.70.2
1056,1145587202,0,adminhtml_system_config,"2014-10-31 14:19:49",view,"a:1:{s:7:""general"";s:3:""tax"";}",success,jordan.izsak,1,adminhtml_system_config_edit,,68.72.70.2
1057,1145587202,0,tax_rates,"2014-10-31 14:25:35",view,"a:1:{s:7:""general"";s:1:""2"";}",success,jordan.izsak,1,adminhtml_tax_rate_edit,,68.72.70.2
1058,1145587202,0,tax_rates,"2014-10-31 14:30:19",save,"a:1:{s:7:""general"";s:1:""3"";}",success,jordan.izsak,1,adminhtml_tax_rate_save,,68.72.70.2
1059,1145587202,0,tax_rates,"2014-10-31 14:30:24",view,"a:1:{s:7:""general"";s:1:""1"";}",success,jordan.izsak,1,adminhtml_tax_rate_edit,,68.72.70.2
1060,1145587202,0,tax_rates,"2014-10-31 14:30:32",delete,"a:1:{s:7:""general"";s:1:""1"";}",failure,jordan.izsak,1,adminhtml_tax_rate_delete,"error: Tax rate cannot be removed. It exists in tax rule",68.72.70.2
1061,1145587202,0,tax_rates,"2014-10-31 14:30:32",view,"a:1:{s:7:""general"";s:1:""1"";}",success,jordan.izsak,1,adminhtml_tax_rate_edit,,68.72.70.2
1062,1145587202,0,tax_rates,"2014-10-31 14:30:59",save,"a:1:{s:7:""general"";s:1:""4"";}",success,jordan.izsak,1,adminhtml_tax_rate_save,,68.72.70.2
1063,1145587202,0,tax_rates,"2014-10-31 14:31:30",view,"a:1:{s:7:""general"";s:1:""3"";}",success,jordan.izsak,1,adminhtml_tax_rate_edit,,68.72.70.2
1064,1145587202,0,tax_rules,"2014-10-31 14:32:05",view,"a:1:{s:7:""general"";s:1:""1"";}",success,jordan.izsak,1,adminhtml_tax_rule_edit,,68.72.70.2
1065,1145587202,0,tax_rules,"2014-10-31 14:33:33",save,"a:1:{s:7:""general"";s:1:""1"";}",success,jordan.izsak,1,adminhtml_tax_rule_save,,68.72.70.2
1066,1145587202,0,adminhtml_system_config,"2014-10-31 14:38:25",view,"a:1:{s:7:""general"";s:7:""payment"";}",success,jordan.izsak,1,adminhtml_system_config_edit,,68.72.70.2
1067,1145587202,0,admin_login,"2014-10-31 15:29:12",login,"a:1:{s:7:""general"";N;}",failure,andrew.stayart,2,adminhtml_index_index,,68.72.70.2
1068,1145587202,0,admin_login,"2014-10-31 15:29:18",login,"a:1:{s:7:""general"";N;}",success,andrew.stayart,2,adminhtml_index_index,,68.72.70.2
1069,1145587202,0,catalog_attributes,"2014-10-31 16:13:08",view,"a:1:{s:7:""general"";s:3:""174"";}",success,andrew.stayart,2,adminhtml_catalog_product_attribute_edit,,68.72.70.2
1070,1145587202,0,catalog_products,"2014-10-31 16:15:01",view,"a:1:{s:7:""general"";s:5:""31844"";}",success,andrew.stayart,2,adminhtml_catalog_product_edit,,68.72.70.2
1071,1145587202,0,catalog_products,"2014-10-31 16:16:20",view,"a:1:{s:7:""general"";s:5:""31844"";}",success,andrew.stayart,2,adminhtml_catalog_product_edit,,68.72.70.2
1072,1145587202,0,catalog_products,"2014-10-31 16:29:31",view,"a:1:{s:7:""general"";s:5:""31841"";}",success,andrew.stayart,2,adminhtml_catalog_product_edit,,68.72.70.2
1073,1145587202,0,adminhtml_system_config,"2014-10-31 16:31:03",view,"a:1:{s:7:""general"";s:8:""checkout"";}",success,andrew.stayart,2,adminhtml_system_config_edit,,68.72.70.2
1074,1145587202,0,cache_management,"2014-10-31 16:31:14",flush,"a:1:{s:7:""general"";N;}",success,andrew.stayart,2,adminhtml_cache_flushAll,,68.72.70.2
1075,1145587202,0,cache_management,"2014-10-31 16:31:16",flush,"a:1:{s:7:""general"";N;}",success,andrew.stayart,2,adminhtml_cache_flushSystem,,68.72.70.2
1076,1145587202,0,cache_management,"2014-10-31 16:31:20",clean,"a:1:{s:7:""general"";N;}",success,andrew.stayart,2,adminhtml_cache_cleanImages,,68.72.70.2
1077,1145587202,0,cache_management,"2014-10-31 16:31:21",clean,"a:1:{s:7:""general"";N;}",success,andrew.stayart,2,adminhtml_cache_cleanMedia,,68.72.70.2
1078,1145587202,0,catalog_products,"2014-10-31 16:31:52",view,"a:1:{s:7:""general"";s:5:""37146"";}",success,andrew.stayart,2,adminhtml_catalog_product_edit,,68.72.70.2
1079,1145587202,0,catalog_products,"2014-10-31 16:49:27",view,"a:1:{s:7:""general"";s:5:""37146"";}",success,andrew.stayart,2,adminhtml_catalog_product_edit,,68.72.70.2
1080,1145587202,0,catalog_products,"2014-10-31 16:49:37",view,"a:1:{s:7:""general"";s:5:""21324"";}",success,andrew.stayart,2,adminhtml_catalog_product_edit,,68.72.70.2
1081,1145587202,0,catalog_products,"2014-10-31 16:51:10",view,"a:1:{s:7:""general"";s:5:""31842"";}",success,andrew.stayart,2,adminhtml_catalog_product_edit,,68.72.70.2
1082,1145587202,0,catalog_products,"2014-10-31 16:51:20",view,"a:1:{s:7:""general"";s:5:""31845"";}",success,andrew.stayart,2,adminhtml_catalog_product_edit,,68.72.70.2
1083,1145587202,0,catalog_products,"2014-10-31 16:53:30",view,"a:1:{s:7:""general"";s:5:""31842"";}",success,andrew.stayart,2,adminhtml_catalog_product_edit,,68.72.70.2
1084,214445858,0,adminhtml_system_config,"2014-10-31 18:00:11",view,"a:1:{s:7:""general"";s:3:""web"";}",success,bryan.bielefeldt,7,adminhtml_system_config_edit,,12.200.47.34
1085,214445858,0,adminhtml_system_config,"2014-10-31 18:01:05",view,"a:1:{s:7:""general"";s:6:""design"";}",success,bryan.bielefeldt,7,adminhtml_system_config_edit,,12.200.47.34
1086,214445858,0,adminhtml_system_config,"2014-10-31 18:01:07",view,"a:1:{s:7:""general"";s:8:""contacts"";}",success,bryan.bielefeldt,7,adminhtml_system_config_edit,,12.200.47.34
1087,214445858,0,adminhtml_system_config,"2014-10-31 18:01:18",view,"a:1:{s:7:""general"";s:3:""cms"";}",success,bryan.bielefeldt,7,adminhtml_system_config_edit,,12.200.47.34
1088,1145587202,0,admin_login,"2014-10-31 20:37:40",login,"a:1:{s:7:""general"";N;}",success,andrew.stayart,2,adminhtml_index_index,,68.72.70.2
1089,1145587202,0,adminhtml_system_config,"2014-10-31 20:37:52",view,"a:1:{s:7:""general"";s:7:""payment"";}",success,andrew.stayart,2,adminhtml_system_config_edit,,68.72.70.2
1090,1145587202,0,adminhtml_system_config,"2014-10-31 21:21:19",view,"a:1:{s:7:""general"";s:8:""webforms"";}",success,andrew.stayart,2,adminhtml_system_config_edit,,68.72.70.2
1091,1145587202,0,adminhtml_system_config,"2014-10-31 21:21:56",save,"a:1:{s:7:""general"";s:8:""webforms"";}",success,andrew.stayart,2,adminhtml_system_config_save,,68.72.70.2
1092,1145587202,0,cache_management,"2014-10-31 21:22:04",flush,"a:1:{s:7:""general"";N;}",success,andrew.stayart,2,adminhtml_cache_flushAll,,68.72.70.2
1093,1145587202,0,cache_management,"2014-10-31 21:22:07",flush,"a:1:{s:7:""general"";N;}",success,andrew.stayart,2,adminhtml_cache_flushSystem,,68.72.70.2
1094,1145587202,0,adminhtml_system_config,"2014-10-31 21:25:32",view,"a:1:{s:7:""general"";s:8:""webforms"";}",success,andrew.stayart,2,adminhtml_system_config_edit,,68.72.70.2
1095,214445858,0,admin_login,"2014-11-03 13:37:18",login,"a:1:{s:7:""general"";N;}",success,bryan.bielefeldt,7,adminhtml_index_index,,12.200.47.34
1096,1145587202,0,admin_login,"2014-11-03 15:01:50",login,"a:1:{s:7:""general"";N;}",success,jordan.izsak,1,adminhtml_index_index,,68.72.70.2
1097,1145587202,0,admin_login,"2014-11-03 15:43:00",login,"a:1:{s:7:""general"";N;}",success,andrew.stayart,2,adminhtml_index_index,,68.72.70.2
1098,214445858,0,adminhtml_system_backups,"2014-11-03 15:57:13",create,"a:1:{s:7:""general"";s:34:""1415030116_snapshot_NOV31055AM.tgz"";}",success,bryan.bielefeldt,7,adminhtml_system_backup_create,,12.200.47.34
1099,1145587202,0,cache_management,"2014-11-03 17:33:42",flush,"a:1:{s:7:""general"";N;}",success,andrew.stayart,2,adminhtml_cache_flushAll,,68.72.70.2
1100,1145587202,0,cache_management,"2014-11-03 17:33:44",flush,"a:1:{s:7:""general"";N;}",success,andrew.stayart,2,adminhtml_cache_flushSystem,,68.72.70.2
1101,1145587202,0,cache_management,"2014-11-03 17:33:47",clean,"a:1:{s:7:""general"";N;}",success,andrew.stayart,2,adminhtml_cache_cleanImages,,68.72.70.2
1102,1145587202,0,cache_management,"2014-11-03 17:33:49",clean,"a:1:{s:7:""general"";N;}",success,andrew.stayart,2,adminhtml_cache_cleanMedia,,68.72.70.2
1103,1145587202,0,index_management,"2014-11-03 17:33:57",massUpdate,"a:1:{s:7:""general"";s:4:""1, 9"";}",success,andrew.stayart,2,adminhtml_process_massReindex,,68.72.70.2
1104,214445858,0,cms_pages,"2014-11-03 20:49:05",save,"a:1:{s:7:""general"";s:2:""13"";}",success,bryan.bielefeldt,7,adminhtml_cms_page_save,,12.200.47.34
1105,214445858,0,cms_pages,"2014-11-03 22:32:47",save,"a:1:{s:7:""general"";s:2:""13"";}",success,bryan.bielefeldt,7,adminhtml_cms_page_save,,12.200.47.34
1106,214445858,0,cms_pages,"2014-11-03 22:32:53",save,"a:1:{s:7:""general"";s:2:""13"";}",success,bryan.bielefeldt,7,adminhtml_cms_page_save,,12.200.47.34
